age,email,first_name,gender,last_name,ip_address,phone,zip
53,co'kenny7a@netscape.com,Cecilla,Female,Seeler,187.127.90.23,(138)263-3068,01012
52,idrysdell2t@intel.com,Ingmar,Male,Maytum,156.241.220.163,(690)781-2853,01022
52,bllewellenqr@nhs.uk,Brynne,Female,Edmunds,60.255.124.196,(271)384-3572,01037
78,myo5x@wikia.com,Marieann,,Dering,37.118.247.19,(754)752-5841,01086
19,bcashell74@themeforest.net,Burr,Male,Bathersby,201.167.247.226,(771)129-4587,01344
90,rschneidarbv@geocities.jp,Rodney,Male,Kippling,158.126.242.37,(443)231-5097,01568
10,rdearmandc@comsenz.com,Robinett,Female,Glede,42.7.47.123,(623)774-6582,01609
50,ccaswillkg@upenn.edu,Cole,Male,Woltman,22.178.83.93,(519)281-1309,01826
84,zrasmusej@icq.com,Zack,Male,Zukerman,75.131.45.211,(169)934-2726,01944
66,tcoulston1a@cnet.com,Tadio,Male,Blackford,68.220.205.182,(138)972-5866,02333
15,eoglethorpe29@walmart.com,Evania,Female,Toft,148.51.44.145,(890)261-5209,02672
17,jswannh6@businesswire.com,Jacques,Male,Marskell,223.98.79.115,(883)560-3121,02770
33,sbeagrieat@list-manage.com,Simmonds,Male,Roycraft,55.221.63.190,(580)410-2441,02830
57,csewalljw@squidoo.com,Chicky,Male,Irving,71.73.171.172,(587)499-9195,02838
51,ndoutchey@ebay.co.uk,Nikolos,Male,Wressell,49.105.229.119,(777)350-7523,02876
72,mmurpheyll@yale.edu,Mord,Male,Fant,81.101.180.22,(495)842-0639,03031
50,aphillcockie@intel.com,Austin,Female,Nardoni,117.139.229.114,(178)522-9268,03051
51,cvaskin46@imgur.com,Carie,Female,Burdell,151.87.128.42,(848)334-2577,03291
22,kdraytonmi@statcounter.com,Kendell,Male,McRamsey,29.128.30.44,(506)372-0190,03745
50,ssimneliw@ucoz.ru,Say,Male,Cabrera,73.62.121.91,(530)836-1024,03812
40,ccobon2w@apache.org,Carlina,Female,Sabine,162.32.141.247,(439)224-1249,03861
31,hharteleyku@marriott.com,Honor,Female,Niles,58.150.219.63,(183)786-6530,03890
51,ghustler3s@loc.gov,Gasper,Male,Hain,244.219.245.184,(962)900-2799,03901
46,aadamides51@wikimedia.org,Aurthur,Male,Satchel,184.39.101.243,(663)663-6391,04422
37,ldi pietro1f@networkadvertising.org,Lucille,Female,Wiburn,212.131.8.70,(667)691-2752,04646
59,aswatheridge92@wufoo.com,Amble,Male,Helleker,19.95.1.22,(337)702-1663,04734
69,jlemarycv@globo.com,Jock,Male,Congreave,147.185.105.112,(430)891-9291,04853
65,srenfrewr1@shinystat.com,Stacey,Female,Quinion,240.247.181.179,(424)840-1331,04973
62,ctowardpg@slate.com,Cole,Male,Petz,158.151.108.175,(126)626-4787,05039
43,dmatschukmd@reference.com,Dorrie,Female,Hoff,26.213.132.68,(131)674-6708,05154
29,kgallatlyde@businessweek.com,Karine,Female,Iskow,233.175.81.137,(397)726-7962,05673
34,nsoggeepz@cnbc.com,Nicky,Female,Dugald,147.213.103.236,(670)824-7817,05742
28,hoakeshottd3@dropbox.com,Hallie,Female,Goodson,50.71.135.95,(199)273-9965,05822
73,dhundalke@shop-pro.jp,Drusilla,Female,Gohier,28.232.7.22,(295)537-2670,05833
60,acheesemanbw@arizona.edu,Aubrette,Female,McCalum,249.242.49.35,(641)360-4697,05837
8,dforgiehh@epa.gov,Darn,Male,Redwood,46.228.1.50,(942)524-3280,06052
21,bmenham1y@cam.ac.uk,Bartie,Male,Olivari,134.36.65.175,(139)330-7464,06065
10,rbaleineoo@yellowpages.com,Rab,Male,Goldsack,164.198.65.196,(668)997-1312,06093
69,bebbin77@cdbaby.com,Bambi,Female,Fidilis,164.192.236.172,(230)949-8602,06256
81,sphetterq@toplist.cz,Sammy,Male,Dymick,90.36.37.190,(317)946-6080,06262
34,alivensar@zimbio.com,Andreana,Female,Ladewig,221.32.88.216,(667)249-1779,06333
15,ckelloway1c@loc.gov,Cedric,Male,Yggo,145.243.69.134,(886)701-3133,06512
51,mgaishson5r@digg.com,Myranda,Female,Olechnowicz,230.97.219.70,(245)663-9899,06705
62,pseaverspm@rediff.com,Patrizius,Male,Bollands,55.192.224.49,(455)928-5983,06850
39,nbestwerthickff@dailymail.co.uk,Nellie,Female,Abby,137.154.79.51,(853)326-5226,07001
51,acastles37@jalbum.net,Alanna,Female,Brockhouse,242.58.141.65,(474)737-2586,07040
49,sketchell3k@cnet.com,Sansone,,Skinn,162.210.224.249,(630)807-9030,07086
76,egonzalvoqu@vkontakte.ru,Emlyn,Male,Le Marquis,187.227.56.7,(313)883-5354,07435
47,sgrisewoodkp@ifeng.com,Shani,Female,Abramof,111.51.91.158,(923)449-6107,07646
36,pjouanetgv@marriott.com,Penelope,Female,Allchorne,42.46.208.145,(208)211-8691,07649
17,ebonelliegg@prlog.org,Elita,Female,Labb,67.67.16.12,(173)823-4718,07721
54,sdythamoq@ftc.gov,Sloane,Male,Skoate,140.81.101.182,(505)558-6847,07727
39,kpasticznyki2@ovh.net,Kimble,Male,Morphet,93.40.154.54,(651)919-1462,07857
47,lbranche4a@nsw.gov.au,Laird,Male,Bundey,164.33.132.156,(860)580-7429,07857
22,gchaunceae@abc.net.au,Glory,Female,Silverthorn,48.116.110.155,(854)172-0901,08006
49,mmcclary1x@netlog.com,Minetta,Female,Summerlie,240.160.69.236,(497)617-9418,08019
77,sliveing7c@etsy.com,Scarface,Male,Exer,88.180.58.248,(805)542-0438,08074
20,dmorrisond6@shutterfly.com,Danya,Female,Brolechan,161.99.10.231,(398)864-9373,08321
39,ssilbermann3i@meetup.com,Sioux,Female,De Blasio,146.41.36.164,(795)843-3406,08510
41,ckarpeevqc@edublogs.org,Carleton,Male,Staneland,229.33.14.118,(124)877-6312,08734
47,nwanjekqt@behance.net,Nolana,Female,Hammett,34.198.76.11,(849)966-8366,08826
25,cwisker5j@samsung.com,Cindelyn,Female,Lampe,55.194.202.173,(625)112-0958,10031
54,dcluley2l@apache.org,Dell,Male,Craighill,54.94.154.131,(116)892-6731,10119
54,efreearl9@dailymotion.com,Emmaline,Female,Giovannardi,2.201.202.160,(311)364-6641,10153
37,mpaolicchir5@utexas.edu,Mellie,Female,Airdrie,204.88.246.32,(790)556-4502,10455
53,cwickett6s@wp.com,Claudine,Female,Niccols,23.21.201.60,(778)964-5198,10475
64,hdobrowskif3@digg.com,Herve,Male,Ingarfield,12.70.95.61,(836)984-8239,10522
31,rnatte8y@sogou.com,Rebecca,Female,Goodricke,103.99.252.44,(460)836-4345,10532
37,egoodsallju@disqus.com,Eric,Male,Rogeon,11.222.130.50,(648)930-6981,11217
23,fbarucheu@virginia.edu,Fanny,Female,Christauffour,238.243.173.40,(347)792-5720,11221
57,bwelmanq5@google.es,Brit,Male,Bocken,138.163.184.205,(671)880-8707,11363
92,afeenyfj@shutterfly.com,Arne,Male,Burdell,4.155.224.238,(422)237-9290,11413
29,cbrognotf@ebay.co.uk,Clim,Male,Roddam,48.218.153.75,(932)368-8763,11568
61,cmccomiskiepr@google.com,Cleon,Male,Primarolo,65.122.219.94,(491)374-0636,11782
46,bchitteygc@google.nl,Bear,Male,Barraclough,217.104.79.114,(522)764-2230,11933
12,sromushkinkh@webs.com,Shina,Female,Itzakovitz,73.44.35.51,(925)419-3566,11951
0,vkordtcz@nbcnews.com,Vincent,Male,Udy,38.147.20.104,(112)920-3373,11958
10,othackwray17@tinypic.com,Orlan,,Valder,78.245.131.245,(261)966-9348,11960
34,pboxerd7@last.fm,Padriac,Male,Schultheiss,255.150.9.204,(628)394-1659,12020
65,fkingshottc3@sogou.com,Farrah,Female,Penylton,250.157.207.247,(749)459-1084,12041
57,ovan arsdale7h@g.co,Oswald,Male,Pawels,84.27.185.189,(369)305-1518,12077
25,bchalkerpx@theglobeandmail.com,Buffy,Female,Lepoidevin,6.214.144.248,(868)644-1587,12092
9,mavramov66@github.io,Mikel,Male,Feldman,179.23.225.113,(643)925-3068,12123
45,ahearonsh1@miitbeian.gov.cn,Adria,Female,Dunnet,220.92.20.191,(918)539-2629,12123
62,lmiddiffk1@plala.or.jp,Loreen,Female,Nobles,137.89.95.172,(368)968-0946,12170
9,copdenorthql@cargocollective.com,Cara,Female,Beckhouse,212.181.136.185,(778)348-0438,12414
36,dhammantcx@reddit.com,Drona,Female,Moverley,23.82.33.143,(590)388-3339,12424
33,gkenwinhq@squarespace.com,Gordan,Male,Strowthers,50.140.204.131,(911)278-3781,12474
28,jstollmeier1o@meetup.com,Joshia,Male,Gladebeck,104.87.91.199,(987)238-8358,12589
83,bdanielovitchb@jigsy.com,Berkie,Male,Ciementini,22.180.181.18,(992)729-2279,12724
7,eburgisic4@springer.com,Emanuel,Male,Clampton,233.236.223.196,(858)657-7543,12762
34,smacneilagebq@accuweather.com,Sinclair,Male,Leverett,64.146.133.223,(341)812-5875,12872
31,bpaoletti6a@miibeian.gov.cn,Borg,Male,Blodgett,217.124.9.12,(477)173-9152,12874
23,gastlethv@usgs.gov,Gael,Female,Pharrow,97.126.200.23,(142)526-9597,12910
20,aansett7y@facebook.com,Allistir,Male,Sor,84.243.210.165,(297)645-7501,13053
53,ltwidlecm@goo.gl,Lorraine,Female,Leverton,23.190.68.12,(964)898-5140,13066
38,yduncan6c@hugedomains.com,Yalonda,Female,Blanket,169.179.250.189,(354)383-8324,13159
40,iattenbrowmr@uol.com.br,Irv,Male,Heliet,85.64.236.124,(873)366-0771,13224
70,myakobowitchl1@bluehost.com,Margarete,Female,McCay,43.79.200.165,(988)461-1166,13333
23,hskellernkw@whitehouse.gov,Herb,,Binion,221.135.141.138,(882)461-8729,13334
50,gojeday@51.la,Gillie,Female,Shillinglaw,37.132.180.59,(796)137-0435,13338
5,gmckagj8@unicef.org,Gal,Male,McEneny,193.232.140.23,(807)855-9480,13608
68,okibblewhiteem@edublogs.org,Orbadiah,Male,Mattholie,188.86.22.28,(828)926-6304,13650
54,bmabsonnc@booking.com,Bertram,Male,Corp,3.119.160.57,(631)191-8054,13685
63,rbrushneen67@europa.eu,Rosalie,Female,Zahor,48.194.105.213,(473)881-4277,13804
30,sturridh@jalbum.net,Sonnnie,Female,Gartell,153.80.205.153,(358)260-8447,14069
44,lollett2h@i2i.jp,Lauren,Male,Clackson,75.47.62.34,(906)666-5333,14130
22,agrisenthwaitegz@tiny.cc,Audi,Female,Duffan,208.228.223.162,(886)576-3789,14174
37,qscogginsfb@cyberchimps.com,Quintina,Female,Dulson,59.44.36.238,(955)523-1042,14220
22,msexty5i@newsvine.com,Magnum,Male,Srutton,137.165.48.11,(683)133-5939,14304
47,jhobgen3f@usatoday.com,Jerome,Male,Asp,157.73.45.223,(173)856-3433,14568
54,ptessierof@businesswire.com,Prent,Male,Bewicke,56.88.112.130,(183)504-6162,14588
23,arickersy8j@ebay.co.uk,Allen,Male,Scannell,104.145.152.218,(423)792-6426,14625
43,awareg4@behance.net,Arliene,Female,Raittie,241.219.39.244,(339)409-2407,14716
3,sdurtnell8d@gnu.org,Shepperd,Male,Beedham,89.200.8.79,(943)636-6532,14721
24,eblazidu@w3.org,Elnar,Male,Dewdney,208.235.140.151,(839)591-1349,14823
40,troncelliqb@dedecms.com,Thornie,Male,Rintoul,185.233.185.91,(374)663-0523,14825
51,dtollerge@whitehouse.gov,Durward,Male,Jeanin,17.140.232.154,(555)827-7836,14855
65,ishowlpy@weather.com,Ignatius,Male,Winspar,231.116.123.135,(720)734-3033,14869
20,bborleacer3@naver.com,Beck,Male,Jerrand,80.202.2.185,(237)687-4981,15059
65,enialsj4@cmu.edu,Emmie,Female,Buggy,93.147.193.131,(603)147-1814,15063
36,opilpovicm9@sohu.com,Orsa,Female,Iczokvitz,222.146.96.215,(765)843-2178,15086
40,cterren8i@nifty.com,Christean,Female,Tomalin,184.195.58.29,(705)522-9569,15205
32,rreaneyre@canalblog.com,Rory,Female,Jersch,23.209.176.123,(855)931-7619,15206
57,ifirbankd5@about.me,Isidora,Female,Yanyushkin,184.136.33.9,(995)461-0532,15429
50,mmcganndm@cloudflare.com,Mathias,Male,Loosmore,86.141.234.82,(207)457-6214,15446
61,mdampneyow@bloglovin.com,Mandi,Female,Crease,60.7.254.19,(197)826-0047,15467
36,sdavenhallc5@nbcnews.com,Stefanie,Female,Shrigley,149.60.212.137,(864)183-0713,15472
73,aissatton@reuters.com,Agatha,Female,Holbarrow,58.155.63.244,(252)257-7428,15475
25,nantonopoulospv@icio.us,Noelyn,Female,Huerta,237.219.247.97,(153)767-1093,15559
35,ckits7p@blogtalkradio.com,Clim,Male,Kirsche,112.4.245.132,(461)138-9954,15611
44,mmallabon6f@hatena.ne.jp,Mordy,Male,Newe,199.206.41.193,(405)112-5434,15616
58,nledgisterlf@freewebs.com,Nickey,Male,Clayson,75.67.225.142,(283)585-4478,15621
63,spurple56@state.tx.us,Sheffy,Male,Owenson,36.17.169.148,(182)160-2632,15675
34,eondraseki@deviantart.com,Enriqueta,Female,Raggles,186.109.60.22,(986)838-9695,15856
11,hfranseshu@techcrunch.com,Henryetta,Female,Marchello,8.68.208.191,(409)297-8380,16001
42,vstumpaa@ifeng.com,Vina,Female,Pammenter,246.254.190.110,(436)756-8932,16033
60,kcarrane8c@feedburner.com,Keith,Male,Coase,13.229.42.154,(375)352-5464,16127
30,cvartyaq@gnu.org,Cass,Male,Proom,134.146.81.188,(309)936-4208,16136
52,bluety5k@google.com.br,Bellanca,Female,Spaven,125.166.80.192,(204)907-0612,16222
40,dkainzgf@friendfeed.com,Dinah,Nonbinary,Crombie,167.168.251.115,(789)915-6547,16351
21,vstarte45@thetimes.co.uk,Vin,Male,Jobin,255.104.141.222,(845)522-3377,16412
51,gsilverdo@tripadvisor.com,Gilligan,Female,Gosswell,27.180.39.146,(532)164-3700,16508
21,nsiddens26@mediafire.com,Noble,Male,Keymer,42.31.34.47,(733)352-2447,16621
28,sbellamfv@ca.gov,Stafford,Male,McNay,148.194.163.189,(865)946-3028,16635
68,aterbeckkr@google.cn,Allie,Female,Domm,248.186.202.115,(314)605-5635,16720
2,vcomminen@deviantart.com,Vikky,Female,Carlisle,21.0.210.211,(235)263-8191,16843
60,bjeandonq0@oakley.com,Britte,Female,Triebner,233.175.203.35,(860)845-4044,17004
3,iaberdeen7o@webs.com,Iago,Male,Asaaf,119.220.233.145,(959)229-3661,17016
36,sbirraneet@fc2.com,Sherwin,Male,Burns,130.165.173.66,(669)728-0088,17024
57,candreotti7z@usatoday.com,Christiano,Male,Hylden,225.43.226.57,(690)695-6976,17111
42,sdrogan3l@wikimedia.org,Shirline,Female,Earley,195.250.104.64,(953)666-7269,17249
41,zde robertisah@flavors.me,Zondra,Female,Sievewright,87.188.17.149,(282)568-5175,17345
59,fallebonebt@domainmarket.com,Frederich,Male,Abbotts,82.31.143.130,(929)536-9941,17345
15,gmatijasevicfw@yolasite.com,Gale,Male,Boorne,22.218.189.61,(490)127-7828,17519
46,nrosenbaumo6@craigslist.org,Nalani,Female,Kindon,70.47.200.81,(365)723-7509,17754
30,kmargarsonij@sun.com,Kipper,Male,Darey,224.244.76.185,(791)231-1199,17961
19,uwinstanley8p@imgur.com,Ursa,Female,Simeon,5.27.57.32,(279)356-2828,17982
48,lharbronrg@slashdot.org,Levey,Male,Towle,134.25.245.204,(646)378-6618,18037
38,eyeamaneb@bing.com,Erma,Female,MacCaffrey,94.189.172.11,(917)532-6568,18055
9,lscanderetnz@facebook.com,Lorettalorna,Female,Grunder,149.244.144.226,(548)783-6744,18103
21,dudy4p@prweb.com,Delora,Female,Kynastone,236.209.15.180,(670)867-8798,18301
27,bcaplisnt@zimbio.com,Becka,Female,Waryk,97.2.60.112,(340)472-9212,18470
47,crojqg@de.vu,Culver,Male,Sweeting,238.205.174.217,(497)470-5233,18472
51,bmolson6h@aol.com,Barron,Male,Errowe,193.240.45.126,(813)993-0459,18509
7,dchattock54@google.fr,Desmund,Male,Shepley,202.84.110.218,(224)444-1451,19061
58,jmaccartairjp@webnode.com,Jo-ann,Female,Thynn,115.249.228.8,(544)614-1230,19072
72,bdanilewicz4@4shared.com,Brody,Male,Pinckard,167.100.18.51,(275)423-6242,19119
52,cchampnessmx@alexa.com,Carrol,Male,Terlinden,128.48.83.111,(536)991-3233,19120
32,pdeinhardt2o@opera.com,Pacorro,Male,Berkley,51.36.76.143,(260)651-5740,19132
62,kkilmurrymo@google.co.jp,Kelby,Male,Tichner,166.255.47.159,(377)248-3261,19350
20,esayleo7@indiegogo.com,Eveline,Female,Dikles,139.30.83.163,(855)843-7507,19406
35,cfarthingby@scientificamerican.com,Catherin,Female,Vallis,114.107.244.123,(626)275-5004,19564
26,gmeneyergk@hostgator.com,Guillermo,Male,Bessent,47.65.46.236,(496)639-6382,19606
51,arosengren6x@disqus.com,Alvin,Male,Thwaite,161.64.16.152,(326)431-6963,19934
36,ykreuzer97@java.com,Yalonda,Female,Lamdin,208.161.20.23,(841)267-7102,20005
56,kgriggs6d@nsw.gov.au,Karleen,Female,Peracco,176.195.244.67,(930)924-3601,20623
66,mbagenalmh@mail.ru,Mohandas,Male,Collington,146.213.217.90,(147)255-2077,20778
3,askogginsh@jugem.jp,Astrix,Female,Grooby,108.13.251.73,(151)322-6693,20901
40,rwoodroffe9z@vk.com,Ryley,Nonbinary,Headly,131.125.139.136,(499)367-9315,21052
48,htollerfieldci@amazon.com,Harriet,Female,Biesty,44.143.106.13,(991)855-0897,21052
9,vmulqueenykx@cbslocal.com,Vitia,Female,Gurwood,3.232.43.55,(653)668-3782,21653
76,lcrier5b@altervista.org,Lancelot,Male,Elcomb,50.234.223.150,(920)500-7018,21672
42,rmudgel3@answers.com,Rudd,Male,Hun,97.36.138.36,(164)580-6556,21766
18,hbatchleyfc@va.gov,Hildegarde,Female,Hayth,121.70.99.16,(312)424-1819,21776
54,sjolliff69@psu.edu,Sutherlan,Male,MacAfee,202.137.73.7,(284)639-4292,22556
75,jwallas4m@zimbio.com,Jobyna,Female,Busek,111.102.229.23,(498)521-4884,22579
62,slegonib@quantcast.com,Suzanne,Female,Beard,149.88.145.154,(865)685-6657,22740
57,aleadbitterq8@oracle.com,Antons,Male,Guild,193.63.94.212,(577)985-9746,22812
60,korriceo9@naver.com,Kerby,Male,McAlister,33.216.137.83,(748)975-9458,22815
20,slodderj1@hhs.gov,Selma,Female,Gransden,198.14.130.23,(988)450-4986,22935
0,mbernard14@theatlantic.com,Maximo,Male,Van Niekerk,229.204.211.60,(714)172-3746,23047
42,khing5p@gmpg.org,Kristo,Male,Caddies,142.247.110.109,(691)781-9582,23146
12,lbroxtonig@stumbleupon.com,Lowell,Male,Watkiss,6.83.11.118,(951)820-0460,23223
61,nchokelq@aboutads.info,Nikolaus,Male,Haulkham,51.7.104.86,(221)744-8339,23442
41,ejacobsonck@ebay.co.uk,Elset,Female,Romanski,95.24.219.187,(111)339-1537,23517
56,cvaughtone6@bloglovin.com,Corbie,Male,Adamsen,142.69.237.10,(692)753-4237,23701
88,fgoulbournm6@instagram.com,Feodora,Female,Treacher,124.0.189.73,(289)619-6183,23843
41,fprestedgehb@marriott.com,Fredi,Female,Bartoli,41.117.128.216,(820)144-7224,23857
67,dbastimani7@imageshack.us,Dotti,Female,O'Currigan,22.196.124.247,(678)947-4915,23897
6,asawfoot8h@jiathis.com,Alec,Male,Haston,153.195.73.144,(155)947-3864,23917
45,mteek2m@barnesandnoble.com,Morie,Male,Fassam,128.192.0.151,(784)435-3147,23967
77,smcmonnies9v@bizjournals.com,Sharleen,Female,Fridd,159.74.227.48,(927)509-6000,24059
45,vkeywoodik@ustream.tv,Valentina,Female,Firle,248.151.113.248,(458)618-3351,24236
32,dhellens7u@businesswire.com,Duky,Male,Akast,30.133.159.63,(146)538-5595,24265
64,akester7s@ca.gov,Anabel,Female,Iliff,87.254.169.69,(727)764-3963,24293
37,cgavinih9@rakuten.co.jp,Charley,Male,Humbee,206.29.96.75,(229)672-2754,24502
32,skemberyb1@kickstarter.com,Shay,Female,Goulston,4.36.224.135,(139)810-2501,24528
67,fleyshonjn@dyndns.org,Frederica,Female,Roantree,51.65.190.84,(618)881-1755,24604
81,ccherrisonpp@artisteer.com,Clyve,Male,Attenborrow,217.219.56.92,(903)177-4428,24822
55,rrudgard6z@jalbum.net,Ranee,Female,Ridesdale,43.20.162.199,(959)573-0382,24868
1,ssangrabo@go.com,Sascha,Female,De Michetti,147.11.225.156,(880)339-3378,25081
31,bwillischh2@imdb.com,Barthel,Male,Boake,97.175.172.107,(502)534-3539,25114
32,gkimblenk6@nih.gov,Gunar,Male,Dubber,143.74.238.187,(862)486-8567,25201
40,llongrigg4r@ifeng.com,Lissi,Female,Mully,99.52.209.1,(117)433-2315,25431
97,hanthesoa@cam.ac.uk,Hamel,Male,Foch,181.82.3.174,(748)560-9585,25446
32,amcduallg6@360.cn,Angelle,Female,Kupisz,233.21.198.99,(239)623-8222,25514
21,omeneghije@etsy.com,Odella,Female,Casserly,119.37.175.192,(750)632-6678,25646
38,ccossentinec6@youtu.be,Carroll,Nonbinary,Bertwistle,22.161.63.111,(515)898-9110,25801
35,pissitt4b@wikimedia.org,Paco,Male,Hartzenberg,75.143.64.185,(107)628-2324,25906
38,kbeefonrm@vkontakte.ru,Karylin,Female,Crosbie,130.70.202.192,(665)221-2172,25984
48,syoullqp@pinterest.com,Shea,Female,Budnk,25.93.180.213,(214)126-1890,26278
52,jexcellcl@answers.com,Jere,Male,Gartan,98.16.205.64,(977)844-9836,26288
36,kkalkoferfx@1und1.de,Kylynn,Female,Vedikhov,218.127.67.168,(385)131-3883,26443
57,amussettify@mlb.com,Akim,Male,Hessenthaler,13.112.225.49,(417)804-1085,26690
47,hvidgen6l@lycos.com,Herta,Female,Grzesiewicz,111.40.18.63,(336)859-3773,26717
34,szammettjk@technorati.com,Sashenka,Female,Muffett,107.25.48.16,(816)325-5105,26743
25,lsineath3n@goo.ne.jp,Luisa,Female,Withull,224.121.153.200,(737)227-0513,26812
35,scunliffebl@nyu.edu,Sallyanne,Female,Crotch,212.143.14.233,(618)386-3561,27341
38,pvaughn24@feedburner.com,Pennie,Male,Tawn,11.183.34.102,(279)567-3466,27358
29,jcleeer@jalbum.net,Janna,Female,Gooding,199.237.27.173,(983)683-2077,27805
20,lpieronih4@dagondesign.com,Liam,Male,Shorthill,174.4.214.225,(877)875-7356,27828
63,ccluleeek@istockphoto.com,Clyve,Male,Eadington,65.116.225.73,(715)912-9778,27841
34,ghalletc1@smh.com.au,Goran,Male,Urrey,100.239.19.110,(115)219-0700,27858
73,milieveam@latimes.com,Mead,Female,Astbery,218.164.183.120,(389)188-8610,27948
48,scrimpepd@foxnews.com,Susana,Female,Kaesmans,193.201.124.63,(404)667-7849,27976
46,mcarlettij0@imdb.com,Mariele,Female,Roulston,56.76.24.168,(727)921-7423,28012
19,dmilroyjv@unicef.org,Dari,Female,Pontain,14.63.141.97,(342)855-1988,28039
35,nturnerlj@sciencedirect.com,Noell,Female,Gutans,139.161.36.132,(407)751-6633,28112
34,rgarnalla8@mail.ru,Rutter,Male,Veltman,225.172.52.34,(240)915-3369,28216
31,fkelleher3c@unc.edu,Falito,Male,Boothe,156.127.86.251,(206)701-7889,28420
45,aphearg@tumblr.com,Arnie,Male,Raoux,209.67.7.243,(719)215-9510,28589
59,eaiskrigggt@e-recht24.de,Emmalee,Female,Hogbin,234.22.80.232,(326)761-1813,28602
103,ldobrovsky2e@shutterfly.com,Lurline,Female,Pelchat,34.90.112.223,(234)247-9868,28604
89,nroseborough5a@stumbleupon.com,Nicholle,Female,Muff,248.102.185.130,(378)641-8570,28618
19,kbarkleyih@rakuten.co.jp,Kiel,Male,Bunney,162.17.116.67,(521)416-9729,28675
45,tspeechly3p@mapy.cz,Timmie,Male,Whisker,103.46.90.230,(490)196-4425,28762
26,cshirlandls@nps.gov,Chicky,Male,Heyward,243.213.239.163,(605)119-0185,28785
52,mleightonq2@posterous.com,Morgana,Female,Haselhurst,57.68.214.185,(693)890-2823,28787
57,lackermanlr@mail.ru,Lottie,Female,Boldecke,107.100.241.115,(378)690-6220,29042
26,agrocottqv@ning.com,Aviva,Female,Trunchion,134.115.185.24,(893)158-3957,29062
47,kcattrollma@msn.com,Karoly,,Hoyles,207.40.101.214,(203)282-1167,29063
50,cgrimestonens@tripadvisor.com,Corabella,Female,Pershouse,130.16.248.6,(544)636-6962,29126
26,lwathallq@exblog.jp,Lorie,Female,Jeskin,83.198.33.53,(612)914-3683,29128
59,mvasyaevcd@sogou.com,Morly,Male,Keiley,90.69.234.167,(355)179-5958,29150
59,ksansamd8@bizjournals.com,Keefe,Male,Brownsall,234.59.151.70,(195)976-7951,29407
49,kbasnettro@seattletimes.com,Kandy,Female,Cossam,193.17.167.96,(536)425-6938,29571
42,rwillbrahampf@earthlink.net,Royal,Male,Cristofanini,55.230.124.51,(158)347-2723,29577
21,agrellier27@ucoz.com,Alana,Female,Mangeney,64.194.240.180,(737)716-2009,29634
68,jhewlingsdt@psu.edu,Jami,Female,Ewbank,175.181.173.50,(977)213-8678,29664
81,mmagnerpq@google.co.uk,Margo,Female,Leach,169.130.130.72,(830)920-2038,29718
29,kbenoia3@cnbc.com,Krystle,Female,Habbes,240.171.150.116,(287)167-9870,29803
62,danchor6w@whitehouse.gov,Dyana,Female,Matusiak,20.95.86.239,(123)534-7131,29821
33,rwitchalls2f@gravatar.com,Rochell,Female,Daft,74.182.65.16,(685)384-0373,29831
58,hgoodaylegi@uol.com.br,Harlin,Male,Sadgrove,7.59.173.206,(245)916-8139,30017
39,rtraffordw@nps.gov,Randee,Female,Crockatt,45.122.232.173,(568)613-6545,30097
45,dcressormn@google.co.uk,Didi,Female,Semens,39.246.24.181,(649)135-4970,30144
45,pidiens1u@163.com,Penny,Female,Pennone,88.61.92.34,(461)911-4511,30176
70,raidler5w@purevolume.com,Roberto,Male,Savidge,145.118.167.125,(246)976-2326,30216
52,mfoulkesha@cloudflare.com,Morgana,Female,Callender,104.178.248.234,(112)811-5295,30218
36,ggribbell5t@google.de,Gustave,,Woolatt,169.220.4.31,(931)565-0346,30410
89,wstopford2k@usnews.com,Worden,Male,Maybey,111.152.166.22,(607)640-5286,30535
29,sdreghornii@instagram.com,Stormi,Female,Kittoe,10.244.76.37,(303)369-6271,30543
7,hrandles68@vkontakte.ru,Hardy,Male,Tosspell,112.167.156.196,(909)195-7510,30620
39,soleksinskifz@newsvine.com,Sallie,Female,Sherebrook,4.160.165.32,(539)156-7775,30628
47,jvail4g@theguardian.com,Jefferey,Male,Scottini,175.230.230.53,(134)622-3725,30711
50,craittie4x@uol.com.br,Cristionna,Female,Alentyev,47.67.124.166,(203)822-9534,30807
25,pjenno7n@youku.com,Philomena,Female,Cranstoun,250.88.155.8,(632)868-6498,31025
54,kslocomfl@state.tx.us,Kai,Female,Neller,136.176.106.202,(334)732-5423,31057
23,cbrackennn@weather.com,Claudianus,Male,Welch,191.230.52.187,(885)626-9235,31522
66,lfriedenbachkq@delicious.com,Lincoln,Male,Eates,193.153.29.168,(659)745-9456,31533
69,rmacterlagh6t@loc.gov,Ruby,Female,Revie,38.100.26.4,(815)780-7707,31549
3,hsolonnq@youtube.com,Herman,Male,Dhennin,214.45.147.115,(855)284-6117,31645
28,arizzolok0@dmoz.org,Antonino,Male,Hyder,195.248.142.128,(438)744-7973,32063
48,dorbinegu@deviantart.com,Dana,Female,Morrilly,200.114.237.191,(189)370-4396,32408
19,dfinnanbz@flickr.com,Dorian,Female,Mc Meekin,44.10.45.175,(599)574-3158,32410
47,rroxburghi8@shop-pro.jp,Roarke,Male,Eassom,50.193.181.164,(750)512-8958,32431
2,theinrici5o@fotki.com,Trevar,Male,Popplewell,180.31.163.219,(860)342-1738,32504
57,jbaylisfs@mlb.com,Juan,Male,Jaspar,68.42.156.185,(766)830-7149,32619
36,fcullipnu@google.fr,Fidela,Female,Rangeley,183.227.134.23,(967)241-8209,32708
39,rbanghenk@bandcamp.com,Rebe,Female,Brydone,109.56.14.100,(891)108-2517,32806
55,bhanwellor@nih.gov,Byron,Male,Menego,65.114.128.184,(723)854-9202,32831
11,jblazek63@wix.com,Jo-anne,Female,Neaves,63.223.176.71,(835)311-9886,32953
36,awilkennsonbr@rambler.ru,Amberly,Female,Canto,47.125.237.170,(673)172-7305,33027
53,cgeoghegankv@i2i.jp,Christye,Female,Dallyn,25.183.6.177,(229)996-1508,33435
39,adoncaster33@imdb.com,Arni,Male,Patrono,132.152.128.184,(312)984-2127,33480
39,hwilderspoonce@samsung.com,Henrietta,Female,Greated,149.205.58.67,(796)620-4145,33579
58,rworpole28@independent.co.uk,Rodrigo,Male,Nussey,136.92.242.25,(808)901-2050,33607
70,fwinstanleyo8@reddit.com,Fonz,Male,Pesticcio,145.9.10.99,(998)794-2085,33609
37,vawtonqn@seesaa.net,Vivien,Female,Howsden,97.175.157.183,(323)312-5464,33777
45,eherrievenhp@clickbank.net,Edin,Female,Crangle,103.91.150.107,(407)850-2375,33810
60,amarshqo@goo.ne.jp,Archibold,Male,Pennetta,89.114.228.223,(108)228-7565,34110
33,jcoldbathe20@spotify.com,Jonell,Female,Salzberger,97.85.91.97,(496)413-2916,34219
36,lmulcaster3u@php.net,Lonna,Female,Colloff,54.198.43.241,(617)222-5174,34465
83,mandreichikm@shareasale.com,Mack,Male,Hanwright,78.215.14.84,(111)500-2901,34606
36,gpavelini9@networkadvertising.org,Garrik,Male,Di Antonio,191.180.218.203,(802)233-2511,34639
41,mmctrustyr9@jugem.jp,Merell,Male,Kop,122.33.186.90,(522)530-5515,35034
77,oleathelo@ucla.edu,Obadiah,Male,Denge,187.229.11.121,(237)644-4805,35180
39,cbelfca@youtu.be,Claudette,Female,Gabotti,201.54.104.136,(227)438-1902,35213
48,uoakwoodn6@fc2.com,Urbano,Male,Schukert,200.180.218.218,(392)686-4906,35652
46,kvon helmholtzp1@spotify.com,Kippar,Male,Kuzma,167.199.41.133,(796)750-5595,35766
31,ckyngeri@hp.com,Chryste,Female,Kennington,87.123.62.151,(289)897-5477,35776
65,tpenningsf8@youtu.be,Tyler,Male,Giacovazzo,44.175.66.16,(418)475-7283,35901
13,amacdavitto3@nbcnews.com,Addie,Male,Kidsley,125.11.53.72,(389)402-6077,35903
64,plillofr@istockphoto.com,Paddie,Male,Viegas,51.47.188.217,(904)287-3623,36026
7,jwint7m@sfgate.com,Jessie,Male,Goodbarr,4.238.15.151,(128)801-8850,36473
63,cchapell47@hatena.ne.jp,Constance,Female,Barnewille,128.200.151.56,(883)136-3967,36527
47,rcransonl5@clickbank.net,Rodolphe,Male,Tenaunt,79.154.216.164,(425)575-4707,36528
51,shessenthaler81@mysql.com,Simeon,Male,Hawthorn,76.43.182.102,(448)599-8112,36535
35,kgodleyaz@networksolutions.com,Klement,Male,Bowra,55.238.178.210,(717)257-2522,36548
19,ljanms@pinterest.com,Lamont,Male,Cockney,129.36.238.27,(346)567-8332,36608
47,jboots80@biblegateway.com,Jillie,Female,Berrane,84.134.115.82,(140)743-5995,36768
16,cfriddh8@dyndns.org,Claudia,Female,Bayle,59.62.41.143,(733)270-2831,36863
47,eaveraylu@princeton.edu,Esme,Female,Passy,87.174.104.132,(173)717-0850,37019
45,htodarob9@gravatar.com,Hattie,Female,Gartery,54.55.74.115,(695)434-7299,37080
75,kskakunas8z@comsenz.com,Kalli,Female,Argile,36.182.208.149,(880)325-1496,37090
34,eakriggfd@biglobe.ne.jp,Estevan,Male,Perview,61.252.6.125,(342)411-0114,37132
48,eschultzeg1@theglobeandmail.com,Ernaline,Female,Calderonello,177.229.104.236,(354)244-6073,37153
51,cwippermann5d@nationalgeographic.com,Corney,Male,Gretham,153.159.32.211,(408)168-3822,37183
67,lgillease65@army.mil,Lara,Female,Eley,193.172.56.230,(256)147-0952,37334
42,pmoyerseg@sfgate.com,Pegeen,Female,Jorden,207.93.143.210,(741)876-0200,37388
54,scalafateb8@godaddy.com,Stacee,,Flanders,170.248.53.131,(126)791-8949,37616
58,eo'donovanid@indiatimes.com,Editha,Female,Shire,74.160.179.125,(187)165-3433,37665
54,adudnyeh@sourceforge.net,Alexis,Female,Cochet,193.30.216.220,(708)261-6208,37711
56,ckeetch7r@sohu.com,Clarine,Female,Jerrams,93.142.75.135,(758)325-3236,37716
33,gsawney9p@prlog.org,Garfield,,McGuirk,165.251.5.90,(928)244-7440,37821
13,lolyet6b@webmd.com,Lay,Male,Bigglestone,34.176.166.38,(699)960-0191,37826
56,delcen2@google.es,Dalia,Female,Hancke,221.179.91.166,(400)443-4118,37891
25,vkondratenkoqz@cornell.edu,Vick,Male,Ketley,134.153.87.120,(379)130-6713,38118
20,lchaudrellerc@soup.io,Lon,Male,Dyster,157.249.12.134,(202)826-5547,38355
57,mo' flahertybi@fotki.com,Merna,Female,Manske,132.23.97.51,(848)212-3657,38549
33,lmackeer4@reference.com,Lilla,Female,Pyffe,144.238.135.237,(747)454-1271,38673
47,jjoiceyr2@theatlantic.com,Justin,Male,Bockings,169.25.162.37,(305)270-2069,38738
5,gtye3v@4shared.com,Ginnifer,Female,Jarret,133.9.119.46,(956)205-2949,38929
53,mjessupcp@nhs.uk,Marianna,Female,Bazek,154.151.243.205,(676)431-1039,38944
29,eamerici3g@ovh.net,Evaleen,Female,Fittall,96.225.176.178,(354)342-1385,38944
27,cgyurkond@auda.org.au,Corey,Male,Mannagh,0.88.35.184,(474)959-6896,38944
30,jlarived@goodreads.com,Jo,Female,Grangier,183.63.53.163,(987)645-3481,39038
36,bdenslow9y@nature.com,Baillie,Male,Klaaassen,221.175.83.184,(154)606-9714,39083
14,dpyrah2v@timesonline.co.uk,Daffi,Female,Huddles,252.112.196.111,(363)804-3058,39330
39,mloreyez@mac.com,Minetta,Female,Dupree,159.92.228.122,(520)540-6846,39361
0,jkiernanf6@wordpress.com,Jonis,Female,Sprosson,245.221.43.80,(721)915-6697,39437
49,cfleckneyoz@nydailynews.com,Cherish,Female,Pohl,225.34.241.52,(776)426-5018,39461
65,imarven4t@weather.com,Irv,Male,Haggath,69.140.90.81,(669)111-3847,39581
49,cglowinski8r@vistaprint.com,Caro,Female,Entwisle,98.137.80.189,(869)687-4149,39633
52,gdedenhamc9@shop-pro.jp,Glenine,Female,Davidow,179.205.187.78,(288)362-5425,39827
58,ramsdeno1@bbb.org,Reg,Male,Sheffield,130.78.138.221,(377)188-9720,39840
60,idaneleteq@accuweather.com,Ilyssa,Female,Ottewill,202.253.80.173,(445)749-6402,40330
6,gharringtoni3@ameblo.jp,Gusella,Female,Lobe,126.118.184.196,(243)900-8549,40337
56,tlookero2@ocn.ne.jp,Tamar,Female,Benoy,154.110.125.163,(152)864-1409,40360
24,gmaasziy@marriott.com,Giustina,Female,Pitfield,81.236.89.74,(489)898-2343,40505
33,nemmert8u@geocities.jp,North,Male,Hallgate,115.70.149.218,(320)332-1796,40744
9,rmccullaghg2@digg.com,Rosita,Female,Lumpkin,36.144.107.159,(703)878-7137,40801
47,jsegarn@sfgate.com,Jonas,Male,Checci,187.92.44.48,(745)542-0791,40818
54,lordfn@noaa.gov,Leopold,Male,Altamirano,90.155.44.242,(187)446-6024,40958
67,kdomleoq6@nationalgeographic.com,Kelly,Female,Manchester,189.248.236.23,(272)422-9546,40983
60,cshingfielda9@tumblr.com,Carmen,Female,Blunsden,181.22.216.219,(670)752-2965,41042
78,vserginsongb@smugmug.com,Vikki,Female,Barrows,44.23.229.237,(264)975-3425,41102
32,nwillcocksio@umich.edu,Nanny,Female,Thornborrow,222.97.140.232,(261)328-9248,41339
43,zmossop8b@scientificamerican.com,Zolly,Male,Geroldini,236.155.233.143,(221)498-6296,41531
29,ccoutthart4y@oracle.com,Colline,Female,Possell,101.127.141.245,(488)171-0801,41571
59,hfeandercn@reference.com,Harris,Male,Paoletti,169.122.251.253,(510)265-7033,41601
38,cbottomley3e@nationalgeographic.com,Catherine,Female,Gilmore,66.145.10.154,(352)519-8514,41731
27,mplimmerf5@about.me,Marla,Female,Forsard,192.123.138.99,(354)537-5428,41776
29,klowcockou@odnoklassniki.ru,Kellie,Female,Asher,2.218.7.70,(646)266-3136,41777
67,rnairne98@altervista.org,Reba,Female,Veschambes,55.169.238.214,(678)703-2979,42044
41,whallsjt@home.pl,Waneta,,Wilcott,4.83.219.199,(283)391-8947,42051
42,iklaiseroy@123-reg.co.uk,Inglebert,Male,Falconer,1.26.229.204,(639)538-7115,42347
65,sleallerl@wikia.com,Selle,Female,Burleton,249.104.117.55,(453)974-7153,42408
30,tbeaument6g@1und1.de,Toby,Female,Nisuis,126.129.5.93,(268)958-4492,42409
23,sgullandai@state.tx.us,Staffard,Male,Rogez,133.187.170.244,(491)532-8820,42441
27,akillerby2@gravatar.com,Abbe,Male,Stockdale,166.237.0.198,(737)436-6299,42463
65,dmagnar42@bbc.co.uk,Denny,Male,Hryniewicz,105.143.19.21,(477)932-1863,42501
63,kdrayle@weather.com,Kennett,Male,Arnfield,176.206.63.189,(444)700-2694,42754
42,jdodimead78@npr.org,Jo,,Hankard,3.169.145.70,(124)277-4969,43021
7,vsagg9t@cnn.com,Vasilis,Male,Lockhart,179.111.103.65,(599)331-0541,43055
35,hcapellepu@illinois.edu,Hiram,Male,Lawlie,130.2.98.64,(285)193-2978,43154
35,kmcallester71@bluehost.com,Kristy,Female,Harkin,66.147.163.95,(515)640-9376,43231
85,sharmsm8@si.edu,Stevy,Male,Watling,69.50.114.129,(647)790-9273,43316
44,mgrigor2z@is.gd,Margret,Female,Brobeck,160.161.29.39,(425)656-4267,43407
76,ftsarovic39@soundcloud.com,Friedrick,Male,Yele,37.146.94.26,(767)854-2501,43438
22,apacitti83@google.ca,Ab,Male,Dregan,236.14.173.161,(480)505-3075,43451
19,bguidoneel@apache.org,Brendis,Male,Dugood,99.27.161.173,(148)988-3631,43556
75,nblemenpe@last.fm,Nilson,Male,Scedall,66.108.6.176,(952)743-5208,43557
46,rbaughn1n@chicagotribune.com,Rozele,Female,Gravenor,159.8.251.61,(683)195-3447,43771
33,dhrinishin7f@ed.gov,Der,Male,Piotrowski,200.26.106.247,(881)358-6033,43843
36,dst louisdw@feedburner.com,Damiano,,Orys,159.70.254.33,(614)584-0688,44010
64,dtraceygy@webeden.co.uk,Dell,Female,Tother,101.79.179.65,(996)835-2682,44010
63,gbattistaad@comcast.net,Georas,Male,Puden,173.246.102.209,(948)489-0981,44085
13,disham99@simplemachines.org,Donnie,Male,Dobrowski,120.4.231.110,(943)457-0438,44086
42,cweddeburn - scrimgeoura2@java.com,Charline,Female,Dinan,207.167.120.66,(564)230-0717,44127
30,pspinas87@nps.gov,Penelope,Female,Micallef,15.120.128.79,(312)997-8947,44139
64,imaudlin13@de.vu,Issi,Female,Muehle,71.234.147.178,(530)815-7417,44201
27,cfeechumj3@bizjournals.com,Claudie,Female,Wedgwood,13.226.160.120,(124)679-6487,44406
65,afawlkesqs@nps.gov,Aprilette,Female,Tinn,235.250.143.103,(118)467-8594,44423
38,ppancastom@arstechnica.com,Padraig,Male,Kipping,112.220.92.243,(166)433-9095,44450
29,mpriestland7@opera.com,Manfred,Male,Bricket,65.104.63.157,(433)334-5234,44511
49,mvinaukj@drupal.org,Madelena,Female,St Angel,47.93.6.138,(110)648-3636,44612
45,mbiever6u@uol.com.br,Marena,Female,Doornbos,137.244.20.132,(146)501-2289,44618
37,sjobling9n@dailymotion.com,Simon,Male,Stewartson,50.214.204.99,(977)264-8785,44624
23,hcrocettone@smugmug.com,Hope,Female,Stollenwerck,71.32.86.189,(166)414-4289,44633
47,eweaben1@salon.com,Elenore,Female,Gravett,138.175.155.33,(427)365-6922,44703
48,bblague3b@zdnet.com,Biron,Male,Malkinson,232.199.168.203,(932)413-6040,44820
61,bhansekt@shinystat.com,Brandtr,Male,Mawne,215.116.62.222,(848)831-6129,44850
45,cniced4@miibeian.gov.cn,Carly,Male,Koch,80.85.210.239,(408)589-5533,44870
59,kmcglashan3d@redcross.org,Kaine,Male,Flounders,229.143.200.195,(352)186-9343,45040
21,pcousenf1@rediff.com,Phelia,Female,Fullylove,103.42.94.248,(155)974-9267,45144
32,vo'heneghanqw@dailymail.co.uk,Vance,Male,Brownsill,133.162.217.5,(647)713-5379,45209
37,hwooldridge1i@globo.com,Hersh,Male,Lethibridge,13.14.62.90,(499)956-0481,45324
28,zgilbey75@webmd.com,Zaccaria,Nonbinary,Bartosiak,20.241.58.83,(953)319-4402,45334
55,cboothroydrj@yellowbook.com,Charlena,,Johncey,51.38.56.198,(646)730-8775,45363
33,rbrandindl@domainmarket.com,Rickie,Male,Hazeltine,77.92.46.129,(998)632-7661,45644
64,kpatifield1b@jiathis.com,Kennith,Male,Milton,60.74.18.126,(504)645-8516,45663
48,smcfatercs@wp.com,Shalom,Male,Dumphrey,39.26.120.140,(876)127-0583,45805
61,vverillo50@techcrunch.com,Vincent,Male,Vango,21.254.233.30,(632)630-6859,46161
33,sfitteroi@infoseek.co.jp,Sabrina,Female,Strugnell,167.208.73.202,(761)490-2061,46180
41,wschulelx@wikispaces.com,Wendel,Male,Wadelin,194.190.1.180,(644)984-5418,46204
38,crevening2b@alibaba.com,Celina,Female,Santoro,25.148.193.195,(410)202-4828,46524
20,nalvarez58@twitter.com,Nat,Female,Mullender,87.223.71.174,(505)365-4698,46615
35,mseckingtono4@geocities.jp,Malcolm,Male,Habberjam,230.106.112.222,(951)575-8481,46619
39,clissandrin5@wikispaces.com,Conn,Male,Hawson,40.3.34.166,(715)997-7883,46748
24,cbracknellg7@blog.com,Charity,Female,Reuss,26.8.174.6,(500)239-3339,47126
28,civoryjh@histats.com,Cyb,Female,Beany,119.36.146.55,(792)766-3084,47270
45,joakman2g@jimdo.com,Jefferey,Male,Cavendish,224.54.232.239,(976)249-6146,47337
21,kjoseburyit@geocities.jp,Karlene,Female,Bartolomeo,172.185.82.53,(690)157-4920,47358
86,fstovejr@bandcamp.com,Flossie,Female,Swepstone,219.249.104.182,(160)896-8551,47515
34,glosselyong8n@naver.com,Germayne,Male,Managh,210.157.57.205,(619)357-0244,47588
47,dmaguire84@livejournal.com,Demetria,Female,Scadding,189.239.60.151,(248)462-9328,47638
42,emunnisf2@canalblog.com,Edmund,Male,Wanell,235.208.43.254,(577)232-9095,47837
28,tashburnees@rambler.ru,Tobiah,,Vye,5.192.147.30,(708)310-0645,47884
60,ldankersley7j@mysql.com,Lauree,Female,Meineking,65.148.56.18,(221)690-1264,47946
30,sincogna6o@psu.edu,Sky,Male,Bordis,206.200.128.227,(674)985-9223,47960
22,cpardeybm@digg.com,Clementius,Male,Ayton,224.232.102.124,(829)549-9132,47977
21,ro'hartnettb7@google.es,Reinwald,Male,Clogg,86.14.145.125,(770)108-8123,48041
63,nmccamishmz@slashdot.org,Noreen,Female,Koubek,132.9.151.74,(369)892-0505,48043
45,azealykz@eepurl.com,Agnesse,Female,Cockrem,160.172.105.219,(258)485-0305,48059
51,mbirchhg@bigcartel.com,Morey,Male,Corke,70.67.205.200,(545)632-4537,48083
45,celsie9j@delicious.com,Callean,Male,Fries,88.189.240.90,(148)779-0439,48117
75,pmortlockrp@liveinternet.ru,Paco,Male,Weatherburn,149.136.46.80,(465)722-5537,48198
66,amograe0@google.com.au,Amandie,Female,Dyett,160.67.24.182,(660)536-6638,48218
36,rcerro72@pinterest.com,Richart,Male,Pacher,231.21.130.115,(896)314-7626,48439
70,sscrase73@51.la,Stanton,Male,Rehme,16.144.189.189,(324)183-0633,48444
48,szelnerpa@tiny.cc,Sheela,Female,Deble,228.122.83.84,(439)152-5730,48458
34,mfindenp7@hao123.com,Martie,Female,Symones,81.76.12.79,(636)134-5202,48601
84,vvalens-smithqk@behance.net,Valentia,Female,Melonby,177.244.166.224,(475)849-3412,48809
50,sdunkerley8k@cdc.gov,Sharyl,Female,Jedrzej,90.177.122.170,(390)635-4544,48875
43,nholston5e@unc.edu,Nikoletta,Female,Dabbs,3.251.135.227,(421)411-9366,48933
43,tbelisoni4@fda.gov,Terri-jo,,Toomey,156.172.37.198,(389)951-9470,49040
86,lcainsln@dell.com,Luce,Male,Witton,24.67.204.90,(435)909-0265,49309
59,bwillmettl2@gnu.org,Bart,Male,Concannon,54.66.87.36,(455)254-7458,49339
14,rflawithks@fema.gov,Rhianna,Female,Dauncey,148.106.152.60,(397)509-8261,49426
5,bkynson44@ft.com,Barnett,Male,Orteau,147.14.191.56,(893)635-3451,49434
31,nhugliin@mysql.com,Noemi,Female,Fiddian,124.156.217.133,(414)182-4499,49441
38,hwateridge16@instagram.com,Hewie,Male,Bortoluzzi,17.155.60.213,(963)964-4570,49667
52,opayleqi@japanpost.jp,Osbourn,,Hearnes,4.6.173.95,(617)493-0207,49728
36,mkleinv@bigcartel.com,Myrtle,Female,Willcocks,38.253.167.196,(592)919-2235,49746
99,eklimtdx@mail.ru,Eran,Female,Challen,245.245.131.4,(277)730-9705,49919
36,kmallabonjx@booking.com,Killian,Male,Parrish,116.213.227.10,(169)374-6112,49920
40,ccuchey89@virginia.edu,Celesta,Female,Royan,133.94.8.139,(437)902-0584,49931
55,cjohnstonoj@sohu.com,Chrotoem,Male,Skpsey,121.182.72.33,(108)764-7421,50062
56,dfadian7l@is.gd,Daphna,Female,Prendeville,10.232.147.244,(641)704-2703,50078
40,shorsefieldhw@t-online.de,Stafani,Female,Cathersides,36.177.179.182,(375)464-4912,50255
61,dgaffer9b@cbslocal.com,Darleen,Female,Robken,235.145.58.208,(871)168-1695,50315
70,jwherrybk@redcross.org,Jameson,Male,Fishbourn,181.84.170.36,(850)705-3477,50315
29,agasparroc2@jalbum.net,Arleyne,Female,Drews,228.227.8.245,(602)869-5523,50431
44,dianettijq@hexun.com,Dave,Male,Kelner,198.91.245.30,(392)537-7181,50542
57,bpepinbb@wikipedia.org,Brantley,Male,Haselup,119.179.238.60,(396)274-1203,50554
55,hbertolaccinie2@1688.com,Herminia,Female,Sisse,38.2.166.172,(842)146-6419,50629
45,hparsell9@xing.com,Henri,Male,Scotchford,188.252.242.150,(989)957-7712,50667
14,fphilbin4d@etsy.com,Felita,Female,Siemandl,159.163.132.253,(271)999-3714,51230
46,sjendrassikk4@g.co,Seline,Female,Arnaldy,4.169.110.220,(324)899-1517,51440
50,djohncey5y@tamu.edu,Demetria,Female,Loftie,105.153.230.39,(464)248-6112,52060
61,cdonoghueb5@meetup.com,Corbie,Male,Tanguy,37.146.221.194,(113)112-6771,52073
60,bbeetles2y@vk.com,Beverlie,Female,Clabburn,45.241.44.22,(199)440-1722,52302
60,gshoreson0@seattletimes.com,Gordon,Male,DelaField,154.101.240.92,(478)222-1411,52336
64,mmctrustieil@cam.ac.uk,Montague,Male,Peete,77.177.5.72,(408)325-2382,52338
50,nturvillem1@microsoft.com,Norbert,Male,Hazlegrove,228.174.141.158,(249)741-4653,52353
56,jpettengell19@bing.com,Justino,Male,Corro,124.150.253.151,(638)590-9403,52554
39,afowellski@amazon.co.uk,Alejandro,Male,Farny,163.252.103.204,(315)376-4800,52554
30,lexcellmm@domainmarket.com,Lotty,Female,Dooler,211.242.190.135,(882)521-1867,52577
4,ohealey38@de.vu,Orv,Male,Honeywood,122.194.51.148,(568)323-9259,52584
8,ljustebs@abc.net.au,Lukas,Male,Krol,231.165.197.142,(287)912-9468,52727
61,dbrosoli21@microsoft.com,Dianne,Female,Heilds,208.213.208.33,(719)478-9054,52728
26,caylett3y@smugmug.com,Cassie,Male,Pendlebery,30.161.15.205,(104)768-2999,52768
6,lde wolfej9@ihg.com,Lorne,Female,Lambertson,137.218.114.233,(461)684-2690,53019
17,wmccaughey8f@bloomberg.com,Win,Male,Landman,235.75.222.117,(119)461-1939,53058
48,wslimmeu@csmonitor.com,Wyn,Male,Findlater,204.227.6.124,(918)972-0284,53086
57,smosconi9k@bbb.org,Sayre,Female,Asche,230.150.231.209,(134)744-7893,53122
26,acopasa@fda.gov,Alyosha,Male,Scollan,228.80.236.22,(585)395-3023,53195
74,charvison3w@harvard.edu,Charisse,Female,Ivasyushkin,148.139.50.97,(607)479-1536,53208
85,atrembleea@berkeley.edu,Anatollo,Male,Eversley,217.77.152.229,(463)636-5937,53517
52,hduforepw@pbs.org,Howard,Male,Bartlett,167.55.246.243,(405)253-3505,53916
18,cdoughteryba@chicagotribune.com,Chane,Male,Ryott,65.255.239.197,(858)223-7691,53960
50,vbrotherwoodmj@wikimedia.org,Viviana,Female,Delgaty,150.42.107.229,(299)874-6482,54151
24,mfardelle4@microsoft.com,Morlee,Male,Dunham,126.196.66.78,(449)193-3771,54171
58,mvonderdellbg@amazon.co.jp,Melosa,Female,Borley,41.164.159.120,(142)357-9842,54234
67,maltimasiz@godaddy.com,Mallissa,Female,Huton,120.110.136.191,(866)550-1080,54403
11,bcrother7g@cafepress.com,Billy,Male,Prewett,244.213.187.83,(832)556-9018,54449
26,fsyrettpo@joomla.org,Faun,Female,Reek,176.79.65.56,(422)643-4697,54536
7,acrickgo@dailymail.co.uk,Aldous,Male,Beeby,152.41.67.46,(944)814-4942,54556
48,mclayalps@lycos.com,Myrtice,Female,Filyaev,238.127.144.122,(936)577-7662,54557
79,ckiffinhm@hibu.com,Cally,Female,Dreger,131.126.239.240,(186)788-1419,54603
36,msehorschjc@sourceforge.net,Mike,Male,Cheson,170.139.140.84,(615)272-4058,54630
65,groiznmg@yale.edu,Gwenore,Female,Arens,63.181.45.15,(656)881-0191,54812
45,skienzlehk@lycos.com,Stacie,Female,Hansom,154.222.47.214,(325)630-0544,54840
35,kbromfield4j@nytimes.com,Klement,Male,Mawhinney,104.25.91.107,(353)886-4104,54862
37,cbasilone8v@uiuc.edu,Clemmy,Female,Kimbling,76.140.46.46,(401)324-6957,54963
57,rwetherickop@goodreads.com,Randene,Female,Gowen,224.91.34.94,(680)771-3094,55016
22,lrenshaw61@usnews.com,Leigh,Female,Batchan,215.59.1.61,(461)568-9908,55018
16,wmulhall4w@tripadvisor.com,Witty,Male,Seiler,3.184.104.193,(649)758-7042,55045
35,wmilbyqe@gravatar.com,Walt,,Doret,157.46.202.109,(299)396-4560,55109
65,rdi filippo8w@sitemeter.com,Ros,Female,Ingram,206.197.53.14,(436)609-5354,55129
61,mchalmers5u@yellowpages.com,Moises,Male,Lansdale,227.33.239.228,(592)844-9414,55150
31,rgabeydg@mashable.com,Rebeka,Female,Ackhurst,193.35.174.76,(605)607-9964,55337
70,ojosephoffcg@goo.gl,Ozzie,Male,Woolley,88.91.138.7,(824)389-8235,55341
37,ebryerqa@yellowpages.com,Elliott,Male,Oki,67.137.44.183,(292)506-7499,55404
40,edrewell2c@hhs.gov,Eugene,Male,Marflitt,155.44.138.46,(919)465-9344,55438
14,zepelettf9@alibaba.com,Zebulon,Male,Gasnoll,146.148.111.4,(388)353-7833,55450
56,lpresideyip@chron.com,Luciana,Female,Selwyn,45.108.176.125,(200)902-5561,55602
83,dlangtonic@mediafire.com,Darline,,Swannick,24.95.197.243,(549)963-0366,55702
83,lcutforddj@drupal.org,Leo,Male,Hattersley,7.200.26.247,(265)826-2030,55734
38,jcaswell4o@weibo.com,Jourdain,Male,Eddowes,226.173.108.234,(476)864-6717,55941
33,iollerheadif@dot.gov,Iggy,Male,Pashan,153.39.100.113,(412)705-2904,55968
40,hmoulin15@tmall.com,Helge,Female,Doey,248.231.2.61,(269)929-7083,56047
64,hbumford2p@cnbc.com,Haleigh,Male,Schutte,34.31.121.84,(578)566-3139,56091
52,lgaliar6@lycos.com,Laverne,Female,Flint,243.141.191.209,(754)771-6087,56157
24,tkeymermp@loc.gov,Tobe,Male,Scheffler,192.119.123.13,(970)364-6817,56224
25,ldemcakr7@networksolutions.com,Lee,Female,Vasic,10.44.245.135,(249)755-1749,56350
44,kochiltreee1@about.me,Karita,Female,Cantos,38.217.64.115,(733)997-6028,56353
88,marckolljs@php.net,Margeaux,Female,Stannislawski,50.109.24.18,(540)500-4899,56358
36,escaddonos@examiner.com,Esdras,,Kern,139.37.41.51,(518)434-9984,56464
26,mnockoldsdz@netscape.com,Mikey,Male,Spaduzza,10.35.173.183,(619)308-0734,56472
32,dfroschz@youku.com,Dianna,Female,Handyside,51.221.65.25,(758)236-2405,56522
35,ide giorgior8@360.cn,Ilario,Male,Mannagh,247.23.142.124,(745)497-9307,56537
31,fanslow4s@wikipedia.org,Fanya,Female,Blees,114.23.218.25,(112)147-8148,56573
31,ggrunsonny@princeton.edu,Gail,Male,Arnout,176.62.120.226,(957)465-1260,56655
43,pansleyef@clickbank.net,Pru,Female,Bracher,181.230.170.235,(604)123-8742,56669
77,nnussgencr@blogs.com,Neall,Male,Reaper,248.67.123.199,(830)818-8447,56731
39,dbrellins@ft.com,Dona,Female,Dumberell,238.57.47.156,(836)556-5525,57221
22,sguite62@columbia.edu,Sybyl,Female,Pickrell,1.199.186.84,(452)880-5671,57246
77,asendallk8@mashable.com,Alyssa,Female,Chieco,188.173.105.165,(819)538-4708,57346
48,ekrolakj2@auda.org.au,Eustacia,Female,Mangam,132.9.232.189,(898)641-1786,57370
23,rgirardezix@rambler.ru,Reese,Male,Shoveller,41.161.247.70,(429)422-8962,57448
45,jspring31@dmoz.org,Jarid,Male,Bodicam,15.122.244.126,(145)209-4468,57646
35,agillanders8a@istockphoto.com,Angeli,Male,Balderson,210.190.209.79,(855)960-5946,57714
25,cdaviddi9u@spiegel.de,Cornie,Female,McGragh,125.207.58.140,(403)484-2348,57759
33,sbuten8t@dmoz.org,Sabina,Female,Bryning,255.52.255.144,(309)530-3306,58032
38,wmatussowas@dot.gov,Wallache,Male,Humpherson,246.159.8.62,(165)763-2004,58229
63,gmayou4l@elegantthemes.com,Georgianne,Female,McLauchlin,137.23.59.143,(693)128-3088,58413
25,omeecen4@comsenz.com,Otha,Female,Mcwhinney,112.192.237.24,(149)245-2671,58431
71,eguidottijd@globo.com,Estell,Female,Joynt,177.149.155.147,(246)839-9317,58438
68,nsynnotjy@ustream.tv,Nadiya,Female,McClurg,15.185.135.239,(757)408-2562,58541
58,abiffin5n@cnet.com,Anstice,Female,Smallwood,61.110.169.161,(447)907-5001,58737
21,nknightsbridgen8@foxnews.com,Nonah,,Portinari,235.98.163.113,(209)843-1380,59014
42,emessumei@cisco.com,Elliot,Male,Radki,143.218.151.25,(941)995-5314,59081
57,pottawella1@washingtonpost.com,Preston,Male,Gurge,66.149.157.61,(500)474-2992,59086
43,aaddeycott1m@uol.com.br,Andras,Male,Capponer,126.8.244.33,(396)855-6477,59105
30,cellsonft@sun.com,Connie,Male,Storton,188.242.84.179,(200)233-6798,59201
28,mcamock52@unicef.org,Malynda,Female,Nussen,71.0.227.125,(431)474-9700,59410
41,clicciardellogh@behance.net,Cassondra,Female,Bernardoni,234.53.255.240,(155)249-1396,59462
48,fchecketts4h@creativecommons.org,Frederica,Female,Vaux,171.117.44.133,(395)935-6530,59489
52,ebauchopjb@delicious.com,Edlin,Male,Croy,218.58.86.75,(118)227-4041,59636
49,trickarseyp8@mozilla.com,Tarrah,Female,Mugg,80.48.120.126,(856)851-2788,59844
15,kcardoefu@studiopress.com,Kenyon,Male,Mangeot,193.71.188.253,(688)674-8489,59915
42,gclementel85@yandex.ru,Garwood,Male,Prophet,192.111.180.88,(972)313-6133,59932
14,wmurcottnv@barnesandnoble.com,Wilbur,Male,MacSweeney,45.144.205.179,(460)335-2421,60073
89,coldlandgx@lycos.com,Caryl,Male,Garmon,243.8.132.179,(482)556-5129,60143
52,mspaicefo@homestead.com,Monika,Female,Simmell,141.36.89.48,(971)816-8106,60165
29,achandler57@google.de,Aaren,Female,Gulvin,110.209.174.76,(223)905-9839,60192
0,grearden2n@guardian.co.uk,Gunter,Male,Clay,44.241.24.140,(659)579-8392,60542
48,kschuttkd@ustream.tv,Kirstin,Female,Stanger,245.104.94.87,(815)586-1608,60545
27,nleetheml6@ucoz.com,Nanon,Female,Davidesco,183.151.210.23,(551)265-1069,60552
17,hmoberleydd@sbwire.com,Hobard,Male,Frame,113.169.234.96,(141)916-8508,60637
50,csadlier49@example.com,Cassey,Female,Giurio,106.77.116.37,(926)685-9721,60639
64,mdrainsbf@woothemes.com,Millard,Male,Longden,26.57.98.10,(209)103-0671,60952
30,mayshpi@edublogs.org,Melamie,Female,Armell,46.142.32.135,(132)614-0659,60969
71,akindleysidesc8@usda.gov,Abelard,Male,Chrishop,171.48.51.22,(370)579-2669,61104
43,pmacmarcuisn3@yandex.ru,Pernell,Male,Reeman,226.184.115.231,(731)348-1033,61230
24,cbarajaseo@home.pl,Cristionna,Female,Crosland,60.216.157.5,(611)870-9213,61242
28,ktooleyh5@deviantart.com,Kit,Female,Howship,46.146.61.235,(626)350-7331,61281
50,pvakhrushinhj@netscape.com,Pancho,Male,Stokey,209.150.90.168,(960)754-2450,61324
50,dgossipinp2@t.co,Daphene,,Willder,113.122.31.238,(599)471-0431,61466
40,rdu hamelkn@blogs.com,Roze,Female,Guion,23.234.83.220,(774)844-6579,61474
81,ppennicott9s@state.tx.us,Phebe,Female,Hustings,19.73.236.252,(569)210-6498,61550
35,ruziellihy@fema.gov,Rivi,Female,Brade,138.24.247.121,(531)808-3572,61704
60,mmoffatmy@dagondesign.com,Misti,Female,Chavez,76.140.234.206,(885)893-0118,61751
35,mmillmorerb@hatena.ne.jp,Minor,Male,Kynaston,217.3.73.88,(874)339-7487,61752
60,aprobyx@people.com.cn,Armando,Male,Semonin,197.224.254.163,(581)244-8366,61753
31,lkarolczykdn@163.com,Lemuel,Male,Lind,77.255.163.134,(314)197-9257,61774
52,tmelmarda@jigsy.com,Tammy,Female,Whitton,82.208.90.242,(571)127-0586,61774
33,rmcneillieiq@imdb.com,Rodge,Male,Gallaher,121.202.65.38,(409)567-9426,61937
35,gloxstonog@friendfeed.com,Gayler,Male,Roselli,191.191.165.153,(902)139-8785,61953
73,cwestbergc@psu.edu,Caresse,Female,Cubbino,253.25.115.241,(605)578-1547,62048
30,hantcliffok@cloudflare.com,Haven,Male,Gianni,30.158.91.226,(473)871-4559,62054
54,arenwickjl@dailymotion.com,Arabel,Female,Scane,93.113.212.138,(759)491-7670,62238
14,rquartley1t@163.com,Rafael,Male,Bedenham,221.93.11.3,(202)731-0709,62347
46,eacresao@storify.com,Ewen,Male,McShirrie,187.247.153.141,(152)460-7391,62353
54,hallpresslh@eepurl.com,Harlen,Male,Teape,108.172.210.26,(679)238-5956,62420
39,dpickaverp5@stumbleupon.com,Duffy,Male,Rantoull,202.41.241.144,(593)212-5924,62540
22,chambrick6m@unesco.org,Christoffer,Male,Oppie,154.25.54.27,(159)869-8058,62672
47,hpyott7v@senate.gov,Huntley,Male,Sleeman,100.240.158.213,(676)510-3890,62843
60,amcgeffen1d@goo.ne.jp,Amargo,Female,Grigor,252.57.177.154,(428)828-9551,62846
43,bbodycombeqf@shinystat.com,Burton,Male,Pulley,112.62.28.26,(428)344-8259,62889
44,jlossmankf@live.com,Josey,Female,Ricketts,250.212.202.199,(580)664-0763,62914
53,goffadp@scribd.com,Glen,Male,Dingsdale,66.255.8.44,(645)865-7146,62942
79,iangerstein3m@squarespace.com,Izabel,Female,Nickell,51.6.230.226,(684)999-0628,62959
33,ssickamoremc@unc.edu,Solly,Male,Gagen,21.214.126.49,(496)864-3850,62995
56,csaltman1e@hc360.com,Cosimo,Male,Reinert,44.200.137.205,(656)738-7602,63043
69,drodenborchkk@sphinn.com,Doroteya,Female,Oda,17.43.89.73,(721)915-7521,63074
49,zcamillo6r@discuz.net,Zacharias,Male,Northage,221.96.151.135,(660)556-9938,63650
53,bmacwilliamd0@sun.com,Benny,,Sprules,156.19.112.36,(328)234-8304,63774
46,sdeerness5@wikispaces.com,Shalne,Female,Smail,159.63.232.63,(248)465-1429,63824
24,mshorrockna@google.it,Manfred,Male,Lidster,223.217.138.28,(267)644-8957,63940
39,mjoshama5@bandcamp.com,Michaeline,Female,Mayte,75.241.88.66,(395)348-2894,63954
37,ahanna1r@t.co,Alfie,Male,Deeth,23.242.89.230,(104)405-1643,63965
30,sledgistercb@51.la,Samara,,Soares,221.227.97.242,(808)141-7756,64084
73,swellfareia@dagondesign.com,Shaylah,Female,Worgan,105.128.244.121,(344)848-8181,64113
38,vrains7k@typepad.com,Vaughan,Male,Lohrensen,219.21.59.31,(633)591-4204,64422
76,eandreassonnf@census.gov,Elvyn,Male,Barclay,0.61.225.138,(271)554-2314,64507
54,eacuna9r@dedecms.com,Edgardo,Male,Rowett,233.128.44.197,(196)968-3930,64636
72,lsoamesi5@house.gov,Lawrence,Male,Lomas,91.236.218.226,(998)791-3178,64688
65,ssalmonox@macromedia.com,Seymour,Male,Umfrey,72.235.136.184,(860)506-0485,65081
66,mcranefieldep@qq.com,Maitilde,Female,Wenderott,3.30.208.218,(567)525-3612,65254
57,wbertomieugl@nhs.uk,Wyatan,Male,Frenzl,115.192.161.118,(488)328-0082,65276
77,rmccarrellfq@google.ru,Renard,Male,Tissington,13.180.38.100,(738)715-2001,65486
39,bhessayal@lycos.com,Bella,Female,Wong,230.92.143.136,(847)865-8114,65542
39,ebrugh1p@linkedin.com,Ellene,Female,Pitherick,1.98.241.149,(203)431-1354,65588
69,mchallisse@ning.com,Marcelia,Female,Dimitru,30.229.244.2,(771)535-6911,65589
41,mvicaryh0@youku.com,May,Female,Sellwood,73.165.107.178,(564)309-5039,65653
9,dcoulespn@dmoz.org,Dugald,Male,Sunshine,199.171.219.198,(515)483-8874,65704
32,fsydenw@nhs.uk,Freddy,Male,Phayre,21.156.87.238,(820)918-6901,65705
47,dsessionsqy@sakura.ne.jp,Dehlia,Female,Ades,199.250.144.19,(572)650-2517,65761
59,lstevings8x@goo.gl,Letti,Female,Minshall,171.227.213.194,(549)522-4226,65789
68,rzambonini43@harvard.edu,Rollin,Male,Biggerdike,62.235.73.154,(626)210-9784,66023
65,njandap@ebay.com,Nichols,Male,Flintoffe,157.83.226.248,(329)873-4428,66058
53,cpetrillok@cbsnews.com,Cletis,Male,Gulliman,65.98.239.1,(137)472-7097,66064
49,tcordle6j@thetimes.co.uk,Tamera,Female,Rewan,137.123.178.3,(902)247-4087,66544
70,aclaussenb0@icio.us,Adi,Female,Wiper,90.140.94.208,(317)514-3271,66840
33,cchasmarn0@php.net,Charlene,Female,Bernhardsson,128.83.90.28,(883)176-0742,66851
52,cboffeyng@google.fr,Clemmy,Male,Wallbridge,85.88.125.78,(857)262-2795,66862
44,rsanjaml@instagram.com,Rosamund,Female,Cawthorn,243.76.176.72,(618)718-6610,67025
22,amanifould7i@imdb.com,Alexio,Male,Sadry,245.236.201.232,(884)668-0106,67041
40,khartrickg9@ucoz.ru,Kit,Female,Beaty,188.86.47.244,(678)290-4098,67213
18,cbethoi1@reddit.com,Cayla,Female,Angerstein,38.44.151.22,(658)279-2307,67347
31,doldcroftcf@ed.gov,Dar,Male,Simoneton,118.149.254.231,(147)807-1213,67436
36,badderleyoc@drupal.org,Blake,Male,Wank,133.201.182.130,(642)378-7116,67448
72,deatttokag@webmd.com,Duffie,Male,Rudkin,37.21.72.242,(833)400-1222,67456
39,thallybone8l@netlog.com,Tilda,Female,York,222.91.102.49,(713)748-5111,67748
47,rbunnd9@howstuffworks.com,Robbin,Female,Sibyllina,178.176.229.27,(401)650-8664,67882
36,cpowdrell70@github.io,Constantia,Female,Karlolak,86.229.142.53,(720)550-5800,68050
36,awintersonbn@bluehost.com,Andi,Female,Kilgour,165.167.123.57,(525)409-3095,68138
41,cbanglekc@ucoz.ru,Carolann,Female,Shadwick,97.78.191.142,(969)364-5362,68313
33,ebradnocke6n@wsj.com,Elka,Female,Doig,111.31.18.252,(422)929-0635,68313
34,cst louisfh@devhub.com,Chandra,Female,Swate,65.17.165.178,(650)299-3286,68420
34,jkobusbx@cbc.ca,Joyous,Female,Ianelli,171.241.194.59,(674)134-6169,68431
38,ginnisbe@blogs.com,Gennifer,Female,Grinnov,92.237.134.146,(649)198-8830,68434
26,zpeterkenoe@cbc.ca,Zachery,Male,Pentin,206.32.33.15,(180)779-6628,68438
40,criccard1k@whitehouse.gov,Cris,Female,Morrilly,68.245.222.28,(708)123-3272,68463
45,aperott7b@storify.com,Aloise,Female,Simeon,131.227.220.67,(188)789-7707,68622
37,kcaswallj@is.gd,Kristen,Female,Vennart,253.126.209.224,(652)549-6750,68664
35,rdunbabin8s@ocn.ne.jp,Rosabel,Female,Ochterlony,244.21.152.173,(430)478-2973,68701
84,gdacree9@who.int,Gay,Female,Kohlert,152.230.94.173,(398)463-6596,68781
52,emacvicarfg@163.com,Elva,Female,Crighton,112.219.155.224,(846)975-4649,68828
47,jfraynefm@springer.com,Johnnie,Male,Scudder,199.181.207.181,(906)515-2765,68849
85,rchestney60@dailymotion.com,Rona,Female,St. Quentin,177.12.128.156,(703)482-9159,68872
10,wwalnee7@sourceforge.net,Wyndham,Male,Fenne,62.242.41.13,(170)373-0999,68922
25,hkaradzasfk@nasa.gov,Henry,Male,Pimblett,2.75.16.89,(661)657-5519,68981
54,rheddyp9@smh.com.au,Roxanna,Female,Merriment,134.127.136.235,(309)252-0210,69165
37,sklemz3q@miibeian.gov.cn,Sven,Male,D'Hooge,28.189.162.185,(237)588-5946,69166
42,ajewsbury9w@com.com,Arlene,Female,Poinsett,87.94.74.197,(221)245-4670,69169
27,bberreyqh@baidu.com,Bronny,Male,Hallin,233.175.175.59,(137)467-7898,69171
72,hburston4c@narod.ru,Hayden,Male,Eagers,199.171.170.150,(916)986-4265,69171
46,bmewha9c@ow.ly,Bear,Male,Kennler,226.120.70.191,(372)168-5788,69331
54,alawrenzgm@amazon.co.jp,Abie,Male,Gerrens,53.149.114.104,(949)310-5639,69333
44,dbiasottilt@vinaora.com,Delila,Female,Abbate,31.161.18.70,(826)207-9189,70127
34,clilleymanlm@irs.gov,Carly,Female,Duckels,229.46.197.198,(445)515-0719,70397
71,gmewittbh@xrea.com,Griffin,Male,Ousby,57.72.191.34,(269)911-1179,70452
34,ldaynek5@liveinternet.ru,Leonerd,Male,Scholard,231.157.133.254,(490)430-1076,70456
63,mcobleigh5s@blogs.com,Melina,Female,Ferns,14.186.32.193,(890)206-2354,70560
27,crecordiu@desdev.cn,Carie,Female,Deavin,150.171.12.221,(545)995-9177,70669
84,xkleinstein93@hatena.ne.jp,Xaviera,Female,St. Louis,79.106.191.247,(517)796-3878,70726
54,mezele2u@miibeian.gov.cn,Mikaela,Female,Kynvin,187.55.204.40,(334)810-9134,70803
33,chammelm7@google.ru,Clari,Female,Humbey,80.31.107.126,(708)661-0387,70807
65,dsambrooki6@stumbleupon.com,Davidson,Male,Cossell,5.44.136.4,(199)869-0015,71044
37,evalentink9@myspace.com,Erl,Male,Balm,26.122.235.44,(667)773-2647,71071
49,bcowterda0@dyndns.org,Brianne,,Connew,47.139.219.166,(113)597-3581,71226
41,jfarnell9i@tuttocitta.it,Jodi,Male,Partner,238.109.196.42,(205)232-6185,71266
57,jde morenag5@webeden.co.uk,Junia,Female,Masedon,127.37.169.117,(671)834-4503,71322
56,dmcconway6p@dion.ne.jp,Durante,Male,Dolohunty,140.135.14.134,(572)808-6517,71439
42,cmethringhamly@goo.ne.jp,Corilla,Female,Rey,246.67.28.56,(940)138-9010,71762
87,parnecke9a@furl.net,Prisca,,Le Friec,60.255.20.98,(962)747-5149,71965
65,mteeneyk2@vistaprint.com,Myrna,Female,Mounter,152.226.118.56,(816)181-3039,72015
40,eosband30@jalbum.net,Edmund,Male,Leatham,116.17.100.191,(496)174-9909,72141
6,rbruyet1v@woothemes.com,Reuven,Male,Enders,228.178.154.23,(904)550-5482,72165
48,lmassard9f@marriott.com,Leontine,Female,Bohlin,21.115.204.88,(527)769-1253,72204
58,bstratfordl@ted.com,Bernadine,Female,La Padula,243.189.251.162,(636)749-2177,72206
41,fkwiek9e@360.cn,Farley,Male,Mullenger,184.157.213.156,(764)226-3034,72321
53,gmuzzifp@cornell.edu,Gawen,Male,Louca,26.90.140.131,(543)734-0098,72328
47,sbrandtsim@weibo.com,Sholom,Male,Higgen,59.253.61.111,(757)474-7721,72340
54,ubaronla@nps.gov,Ulric,,Kelmere,15.191.9.182,(887)515-5633,72351
48,dbonnifaceo5@scientificamerican.com,Donetta,Female,Crewes,181.156.113.214,(946)896-8147,72354
38,nmacknielyj6@loc.gov,Norby,Male,Clash,26.40.144.79,(299)587-0429,72386
18,vfilyakovbd@dot.gov,Vida,Female,Tomlinson,144.120.107.79,(882)527-6334,72392
34,osearjeantmq@chicagotribune.com,Ozzy,Male,Ruby,216.74.0.229,(521)939-9449,72424
60,brotlaufds@myspace.com,Bing,Male,Boughton,25.155.20.186,(514)148-8466,72438
65,raspinallau@ow.ly,Reeva,Female,Lemanu,172.163.179.169,(909)617-3232,72442
28,fhepherbu@tinyurl.com,Freddy,Male,Bangle,59.67.112.13,(294)154-8000,72536
76,gmattecoto0@odnoklassniki.ru,Gilburt,Male,Barnshaw,148.136.49.1,(175)703-9055,72576
42,aquilkin9x@rakuten.co.jp,Ally,Female,Keough,162.20.241.12,(485)318-7845,72738
66,gmilingtonky@gnu.org,Garry,Male,"Fancet,",199.62.184.91,(619)467-1989,72738
45,sstrondk7@google.com.br,Shep,Male,Jerche,41.21.128.98,(356)885-5504,72832
45,dandriveaux95@taobao.com,Dennie,Male,Sanson,68.192.188.136,(214)138-6981,72956
43,mredheadgn@psu.edu,Maighdiln,Female,Sponder,174.114.241.161,(247)915-2880,73058
36,ddaid9d@nationalgeographic.com,Daniel,Male,MacConnel,244.228.215.218,(698)796-3867,73102
62,jpidgeleyld@eepurl.com,Jesse,Female,Urwen,205.38.38.180,(274)183-1917,73150
35,rkeyworthjg@printfriendly.com,Rooney,Male,Binton,80.134.85.56,(567)503-3649,73173
23,bphalipni@smugmug.com,Berkeley,Male,O'Sherin,171.72.5.8,(616)566-1721,73456
62,bvelasquezqm@prweb.com,Bertrando,Male,Valois,237.43.48.205,(125)409-0677,73530
56,peasthammt@ihg.com,Pyotr,Male,Seyffert,244.238.82.235,(587)676-6860,73573
64,rithelldb@wordpress.com,Roth,Male,Pavlenkov,97.204.71.10,(134)152-8139,73639
46,zpuvia1z@china.com.cn,Zaneta,Female,Waddie,239.25.20.163,(139)977-2851,73932
30,sscawnrf@businessinsider.com,Sampson,Male,Wrangle,15.57.228.72,(674)821-0891,73937
45,ccrimes6k@businesswire.com,Connie,Female,Benbrick,134.131.44.209,(691)913-9932,74054
36,ntregidga9m@tmall.com,Nani,Female,Ainscow,180.218.229.29,(857)901-9239,74073
63,ekohnra@amazonaws.com,Elia,Male,Stedmond,144.148.112.162,(552)601-4344,74107
47,llambdinmf@blinklist.com,Lanita,Female,Pasley,21.196.108.4,(554)522-1888,74107
25,sgarraltsay@bandcamp.com,Shellysheldon,Male,McMarquis,26.11.97.242,(670)961-8472,74554
50,wrooney94@nih.gov,Wait,Male,Sayle,75.69.158.136,(494)505-4602,74557
32,kcurrmoh@cnbc.com,Karel,,Gary,32.181.36.170,(433)404-7429,74647
44,ksargood3o@blinklist.com,Kane,Male,Cauderlie,201.137.34.56,(487)411-8610,74701
37,dviantec@ovh.net,Debbie,Female,Mosdell,100.110.251.127,(452)309-2781,74726
68,msottell9g@ucla.edu,Michele,Female,Arnely,202.126.186.58,(427)350-5102,74761
57,aplaile5@unicef.org,Antonius,Male,Camosso,229.243.244.167,(836)404-9303,74766
66,hbuddle5h@godaddy.com,Hobart,Male,Schmuhl,113.190.169.48,(404)120-6581,74827
66,kolyfat9h@furl.net,Karilynn,Female,Van Weedenburg,151.131.254.1,(205)548-2682,74850
52,tlacknorir@home.pl,Trish,Female,Mewburn,66.192.69.32,(283)946-7324,74860
39,yklimtlp@yahoo.com,Yoshiko,Female,Bullman,6.84.105.113,(786)796-0580,75002
47,mchettoe7w@issuu.com,Melitta,Female,Cripin,12.190.143.71,(388)198-0597,75048
47,lbonallack5f@sun.com,Locke,Male,Leeburne,233.219.2.228,(898)149-7657,75153
28,rspurgen1@imageshack.us,Rodney,Male,Marchello,157.99.244.20,(553)258-7993,75253
26,ebukact@toplist.cz,Essa,Female,Kaveney,200.54.151.70,(536)258-7535,75488
94,emaclardie79@tumblr.com,Esmaria,Female,Brinkley,236.203.167.210,(182)515-8731,75489
49,pabrahamian4i@msu.edu,Petronille,Female,Walcar,77.84.134.131,(221)621-0042,75492
15,bdrewery2j@ebay.co.uk,Barth,Male,Skettles,13.119.112.91,(919)986-3772,75605
24,boseltonht@yellowpages.com,Berthe,Female,Valentinuzzi,147.163.166.47,(786)976-1935,75630
52,bdaughterypb@sohu.com,Barth,Male,Sandford,145.42.151.77,(199)244-8237,75757
61,jtole1j@cnbc.com,Jarib,,Ealles,119.2.204.124,(859)325-6423,75801
38,ikemsterb4@bigcartel.com,Iver,Male,Baribal,51.186.186.238,(997)593-2430,75855
39,kmeffinac@reverbnation.com,Kaitlin,Female,Cosson,211.37.74.92,(164)167-9256,75934
57,qspurdonmk@ezinearticles.com,Quent,Male,Alejandro,148.146.2.237,(544)622-2751,75935
35,fmaggioria7@princeton.edu,Farrell,Male,Quimby,30.72.193.171,(246)187-6177,76036
49,nfarres6e@surveymonkey.com,Nevins,Male,Swayland,18.28.128.1,(558)188-6387,76078
51,aurridgeo@purevolume.com,Antoine,Male,Lukovic,158.108.22.250,(534)328-5184,76103
38,mhughesdonnb@topsy.com,Morten,Male,Baynes,167.165.178.251,(705)837-8896,76209
54,bskentelburylk@liveinternet.ru,Bail,Male,Jeannin,141.168.163.135,(591)664-8925,76253
47,lstolzep6@biblegateway.com,Larry,Male,Rosenfelder,37.97.239.209,(867)525-7985,76436
31,fmoormankm@netlog.com,Fabio,Male,Medgwick,243.120.238.46,(728)547-9151,76569
18,tbillingb3@mlb.com,Tina,,Bafford,132.238.228.165,(627)222-7437,76621
36,sscaliabj@comcast.net,Sherwin,Male,Kerbler,19.58.239.58,(244)128-4810,76901
35,kpeyto76@jimdo.com,Karly,Female,Nother,157.74.25.238,(900)590-4996,76951
58,icoldwellgj@census.gov,Ichabod,Male,Nugent,90.110.29.93,(382)627-4725,77021
43,cnorsistern9@yahoo.co.jp,Chaddy,Male,Medling,102.135.153.10,(834)625-1338,77303
49,rbathcq@newsvine.com,Rouvin,Male,Dinsell,208.32.223.112,(416)555-8216,77379
20,djobern32@webs.com,Dulcia,Female,MacKain,193.235.112.147,(897)454-0947,77430
26,rbrodheadph@webeden.co.uk,Randall,Male,Bims,141.84.133.180,(404)517-7147,77493
22,avaissierenx@reddit.com,Adara,Female,Rapo,55.32.166.5,(941)922-4329,77502
19,cmeech3z@artisteer.com,Cesya,Female,Alvar,191.42.245.245,(329)405-2276,77535
77,afardoejo@buzzfeed.com,Annecorinne,Female,Pickering,159.210.254.3,(235)144-8617,77564
45,mdaverenaf@kickstarter.com,Maighdiln,Female,Hymus,126.229.164.93,(763)990-7004,77577
85,jleathem6i@msn.com,Jennee,Female,Hallbird,238.175.60.107,(688)684-6632,77597
45,eatgerkl@bluehost.com,Ettie,Female,Brookz,193.81.100.102,(262)852-1490,78003
16,cgunnell10@delicious.com,Cathleen,Female,Lewis,170.18.97.133,(167)871-3922,78028
48,ktettley2s@pcworld.com,Kris,Male,Newband,202.245.173.36,(570)997-6727,78142
50,arearie4q@liveinternet.ru,Alexandro,Male,Elion,75.121.184.44,(571)282-8078,78343
48,nradki8e@virginia.edu,Nicol,Male,Douberday,246.13.183.163,(174)401-1733,78642
27,fpitbladdojf@google.ru,Frank,Male,Kennermann,25.226.241.29,(268)107-9774,78801
34,yoxley6v@reverbnation.com,Yvon,Male,Louca,17.210.45.22,(627)862-0389,78829
34,bknowlysno@economist.com,Bobby,Male,McMenemy,202.189.132.36,(424)775-3704,78834
59,eshoutec7@etsy.com,Erny,Male,Baddiley,80.197.185.157,(261)513-0220,78953
9,jbiltonhn@auda.org.au,Jillie,Female,Penberthy,91.152.222.137,(426)815-6431,78957
79,bcauderlie12@usda.gov,Bryn,Female,Ilewicz,50.38.142.71,(609)370-6547,79051
6,alidstoneq1@posterous.com,Antin,Male,Dickins,203.146.252.2,(585)770-9685,79080
47,lmeasey88@chicagotribune.com,Lynn,Male,Dowgill,124.202.64.139,(266)634-8982,79229
60,sbinner5q@nih.gov,Sonya,Female,Matfin,17.184.107.139,(406)730-7434,79528
29,bormstonqj@digg.com,Butch,Male,Hovey,51.87.59.7,(867)592-1215,79706
41,mevertis@feedburner.com,Mayne,Male,Lambotin,13.250.99.243,(682)505-3900,79730
65,ccollickpl@icq.com,Corrie,Male,Prester,32.237.6.201,(845)917-2032,79763
46,wgoldringpt@webnode.com,Walton,Male,Bedlington,99.97.25.197,(301)708-7908,79912
92,droseboroughl0@photobucket.com,Daniele,Female,Kneaphsey,82.238.147.46,(512)219-2376,79942
14,kbrunkerrk@hibu.com,Keen,Male,MacDermot,29.3.52.243,(408)274-6155,80104
42,mzeal4z@tinyurl.com,Mata,Male,Fermoy,129.105.18.229,(179)516-6113,80109
34,cibbotsonja@businesswire.com,Charil,Female,Fake,61.102.144.157,(286)360-5961,80133
38,gradborn25@free.fr,Guinna,Female,Bradlaugh,109.70.254.199,(714)178-1479,80467
74,mpedleynh@vk.com,Merill,Male,Norrie,38.33.92.211,(531)899-4925,80483
79,maldiegw@ovh.net,Melina,Female,Itscowics,28.203.151.80,(312)645-4661,80654
36,psoutherngp@ebay.com,Papageno,Male,Brambill,224.166.175.49,(800)405-7165,80734
48,hrearie8g@github.io,Hew,Male,Addy,29.11.220.101,(211)578-3451,81041
54,apirreyn7@studiopress.com,Amelina,Female,Doole,94.107.16.243,(173)192-2050,81058
44,ghaggish4f@geocities.jp,Gareth,Male,Chadbourne,83.191.25.148,(668)535-7751,81152
19,droelvinkqx@networksolutions.com,Dolly,Female,Escofier,4.190.6.161,(877)340-3983,81631
9,dbraddenm2@webs.com,Dionis,Female,Stolting,26.237.218.229,(969)435-5906,82513
53,bbaxterho@barnesandnoble.com,Bobbi,Female,Moncey,118.198.127.101,(173)199-3627,82620
29,lchatterisot@livejournal.com,Luca,Male,Goodliff,9.144.52.103,(925)571-4400,82922
69,estuck3r@globo.com,Etta,Female,Smorthwaite,116.139.135.110,(267)574-3068,82944
32,rloxstonob@europa.eu,Rolland,Male,Cornall,223.226.39.64,(911)771-6456,83274
35,fclilverd5m@go.com,Forrester,Male,Lamprecht,189.17.191.250,(660)863-4330,83320
38,wlundbeckq9@un.org,Wittie,Male,Scoates,230.148.49.27,(841)394-0829,83428
45,rclilverdiv@go.com,Read,Male,Arnaudet,3.220.103.81,(491)944-0875,83540
34,jdunniomf7@cpanel.net,Janetta,Female,Denny,232.108.224.50,(690)768-5116,83542
40,vjadocw@yale.edu,Violette,Female,Walsh,34.187.25.9,(907)479-3826,83657
34,rduckitt7q@drupal.org,Raimondo,Male,Noice,183.192.112.46,(828)366-5590,84088
83,smasonl@cam.ac.uk,Sal,Male,Bischop,175.9.125.5,(601)420-7048,84103
46,gsainz3@zdnet.com,Guido,Male,Comfort,15.189.105.134,(212)678-6503,84123
47,tcall8m@sogou.com,Tobie,Male,Prior,72.163.28.169,(161)385-9243,84329
46,jsallterap@harvard.edu,Jermayne,Male,Gounard,210.89.188.165,(180)607-9261,84335
55,kmcgenisnm@unicef.org,Keslie,Female,Kewzick,209.172.119.234,(601)814-8652,84525
20,arossoniab@admin.ch,Ashby,Male,Gwilym,149.32.69.141,(700)160-2195,84533
50,csmallsga@thetimes.co.uk,Chelsey,Female,Impey,84.241.240.2,(363)864-3049,84540
59,lshearerm5@ycombinator.com,Lenore,Female,Broxton,113.200.24.71,(735)728-9802,84626
59,astarieslb@oakley.com,Abby,Male,Ranfield,212.66.28.32,(300)921-7003,84734
43,iavramovitzrd@ft.com,Ivy,Female,Cardo,173.186.23.81,(906)750-9472,85140
52,bdykaaj@tinypic.com,Bethina,Female,Garwill,185.38.228.37,(568)400-1527,85204
40,jconnueax@ehow.com,Jillayne,Female,Shirley,228.204.231.209,(727)613-1839,85209
63,akaasmanhr@ow.ly,Alec,Male,Coper,117.85.81.44,(848)702-2024,85249
60,ydurrettod@com.com,Yank,Male,Shirland,62.110.126.119,(821)147-9832,85298
36,fchatainierhs@addthis.com,Flossi,Female,Metheringham,78.145.215.9,(303)409-9808,85309
43,emoat5c@topsy.com,Ev,Male,Naire,225.122.149.208,(576)445-7757,85320
31,ccoilslw@dedecms.com,Christina,Female,Pestell,150.215.70.175,(756)305-0742,85354
42,cmewislc@ftc.gov,Cass,Male,Macia,16.188.181.204,(107)611-0552,85613
9,ltiebe6q@ox.ac.uk,Loy,Male,Antognelli,240.98.233.254,(736)982-1724,85757
23,cbucklee1s@gizmodo.com,Cornie,Female,Cahalin,53.159.244.142,(817)172-5309,85923
39,dadamko@mayoclinic.com,Donny,Female,Brummitt,41.222.208.103,(798)469-4931,85925
23,scranstonl8@kickstarter.com,Shalom,Male,Pude,227.19.40.61,(396)209-4180,86411
25,gmellingsgq@earthlink.net,Gill,Male,Bottomley,38.246.81.136,(807)288-4069,86520
18,gwhyard4u@sina.com.cn,Gifford,Male,Kuhne,114.163.228.198,(267)984-7061,87013
49,fwhytehc@fc2.com,Franz,Male,Macci,169.165.113.24,(789)189-7431,87021
22,cstobartme@utexas.edu,Corinne,Female,Probetts,204.71.36.190,(611)184-5605,87070
0,gforsydejm@walmart.com,Gordie,Male,Sacase,158.44.196.10,(905)775-6811,87322
37,mashlingq7@blogs.com,Mateo,Male,Tremblet,67.142.27.41,(218)634-2924,87347
24,rtrowergd@xing.com,Ravi,Male,Ivanishev,252.122.213.87,(903)680-1822,87525
34,mlamonby2d@deliciousdays.com,Mead,Female,Colchett,177.29.104.34,(687)860-9320,87530
37,pgurnayrh@uiuc.edu,Padgett,Male,Angus,28.124.37.205,(344)508-0102,87540
63,wexeter2a@google.pl,Willy,Male,Cummungs,95.94.238.211,(921)688-6851,87551
85,cpridieed@goo.ne.jp,Camey,Male,Agiolfinger,119.112.132.49,(769)791-9542,87729
95,slongley11@dot.gov,Sander,Male,Langland,96.235.201.114,(458)861-1065,87935
3,vfinkle22@dailymail.co.uk,Vittoria,Female,Durrington,231.32.194.241,(631)638-7577,88045
27,shandrikcj@typepad.com,Stavro,Male,Vernau,37.233.225.215,(605)741-2122,88052
69,smuckeeni0@ehow.com,Seward,Male,Worsnop,232.159.28.11,(214)353-4128,88411
34,gwrathmall90@narod.ru,Gates,Female,Auty,12.54.214.238,(969)245-8484,89027
46,ddeane1l@ocn.ne.jp,Doll,Female,Gibbieson,110.220.137.25,(991)163-8044,89117
66,nisworthhf@vkontakte.ru,Nicko,Nonbinary,Flaonier,100.43.25.85,(417)238-3908,89156
37,wswindlehurstaw@purevolume.com,Webster,Male,Karleman,215.185.93.189,(100)534-1567,89703
10,mperrone36@nsw.gov.au,Mycah,Male,Cantle,30.103.245.97,(545)296-3646,89828
53,ilessmare3x@cnbc.com,Isabeau,Female,Polet,102.252.40.238,(618)961-3234,89834
35,svandenhoffj7@oakley.com,Sheffie,Male,Goodinson,78.26.93.227,(970)407-4808,90272
64,gormanbp@ebay.co.uk,Georg,Male,Matteris,103.166.156.205,(229)652-1685,90504
34,cstoadehx@microsoft.com,Cos,Male,Ablott,225.134.82.215,(138)979-0035,90745
53,khellicarf0@sciencedirect.com,Karie,Female,Petofi,30.211.140.214,(325)313-0104,91321
18,kkunradgr@infoseek.co.jp,Kiah,Female,Burton,114.196.58.120,(506)180-7947,91330
65,emcewanpc@hatena.ne.jp,Elbertina,Female,Scane,89.27.58.86,(844)269-1139,91335
23,hkurtonan@harvard.edu,Hillary,Male,Heffernan,41.189.244.229,(822)339-3250,91381
59,nkeelermu@etsy.com,Newton,Male,Addington,5.151.64.32,(458)119-7096,91384
42,gdrabble1h@istockphoto.com,Grete,Female,Borleace,167.26.44.37,(192)289-0599,91402
34,gpellissier3h@dot.gov,Gena,Female,Adamson,131.123.197.134,(102)294-7988,91766
48,bdumberrill4e@yale.edu,Bobette,Female,Hurndall,229.95.103.17,(649)231-5460,91803
52,mweedondr@godaddy.com,Mariann,Female,MacDearmont,105.202.59.121,(385)382-0169,91902
35,cschowenburgct@wunderground.com,Carmine,Female,Toler,85.214.171.235,(493)623-9860,91945
63,clittler5z@ca.gov,Care,Male,Dufty,153.4.87.179,(227)710-2603,91945
85,tmcilroy96@cafepress.com,Tully,Male,Deans,239.173.75.64,(852)152-3669,91978
52,bhellmera4@rakuten.co.jp,Bondie,Male,Wendover,144.131.194.244,(180)251-1396,92270
57,ccoased1@stumbleupon.com,Curry,Male,Studdeard,67.64.181.77,(665)414-5000,92617
49,lrapper1q@google.ca,Lucienne,Female,Facher,113.21.108.215,(462)189-9985,93015
42,gcomellim0@howstuffworks.com,Gwenny,Female,McQuaid,58.161.110.124,(934)918-9154,93101
66,nbenkhe2r@foxnews.com,Norman,Male,Keave,102.242.26.30,(732)179-2703,93224
59,cstanleymb@jugem.jp,Cindi,Female,Magson,148.248.57.176,(727)125-0315,93255
48,msangeree@statcounter.com,Major,Male,Kemwall,210.249.137.85,(340)652-9772,93263
38,hkerbyp0@ezinearticles.com,Hendrika,Female,Claque,239.228.67.114,(339)591-5770,93311
85,echestermank3@fastcompany.com,Elyn,Female,Lennarde,228.53.254.43,(759)647-9793,93432
40,anewcome8q@vk.com,Arabella,Female,Gonsalvez,254.211.121.8,(243)628-3632,93463
25,mdabshe@example.com,Melisent,Female,Frondt,76.76.31.8,(406)394-4564,93626
34,bwhitelockl4@yolasite.com,Briney,Female,Grafton-Herbert,54.125.3.141,(672)825-6818,94021
31,abendigch@blogspot.com,Arly,Female,Brehault,99.85.189.115,(791)646-2552,94038
64,ashevellji@skype.com,Aldis,Male,Whittingham,97.245.170.63,(700)284-1030,94102
3,pstroulgerrn@time.com,Penelopa,Female,Roman,190.115.146.81,(598)612-0828,94132
57,aoveringtonr@canalblog.com,Alissa,Female,Ganforthe,42.114.38.45,(579)273-6164,94158
11,brodiekb@mail.ru,Bunni,Female,Levings,202.154.23.58,(574)608-5089,94303
56,akidde9q@com.com,Allina,Female,Ludwell,81.114.140.59,(818)233-7745,94506
83,hfranzkebc@dion.ne.jp,Hall,Male,Belsham,102.156.192.168,(787)475-2094,94923
78,ebrownriggjz@usa.gov,Ebony,Female,Beetlestone,116.6.93.152,(124)674-6898,94939
41,csecretpk@i2i.jp,Chan,Male,Kittless,62.8.24.166,(662)971-3813,94957
53,bcurtoisol@shop-pro.jp,Basilio,Male,Senn,187.59.83.215,(974)451-6490,95013
31,bo'halligannp@ft.com,Brandy,Female,D'Costa,221.122.195.221,(501)588-7995,95113
43,tbrethertonr0@lycos.com,Tilda,Female,Cossins,172.226.241.244,(703)865-4031,95364
81,mwinterbotham3j@goodreads.com,Mallissa,Female,Standrin,50.20.228.87,(344)537-7627,95385
40,mloryco@dyndns.org,Merle,Female,Evill,59.27.82.212,(424)228-4548,95436
70,jtyresrr@slashdot.org,Josiah,Male,Ayshford,247.242.143.144,(828)103-0054,95492
58,gprenticehl@photobucket.com,Georgeanne,Female,Trump,74.139.53.146,(299)106-4280,95559
66,ecroneen3a@example.com,Elvis,Male,Fleeming,0.220.244.173,(742)742-1930,95635
29,gsainge3@twitpic.com,Guthry,Male,Duncklee,62.62.46.110,(100)205-0211,95645
57,awauchopedf@yandex.ru,Alic,Male,Peachman,150.180.4.33,(684)372-0353,95666
35,loulettq3@unblog.fr,Larisa,Female,Jiggins,159.44.36.112,(341)545-2585,95833
52,gnulty2x@dailymail.co.uk,Garald,Male,Malkinson,132.228.150.37,(718)984-0979,95939
63,ccunnow7e@webs.com,Chelsae,Female,Hanhard,202.44.128.125,(401)970-2673,96104
54,nmeniloveh7@wordpress.org,Nobe,Male,Cruft,108.120.73.71,(262)879-6602,96136
19,awinram1g@google.com,Ab,Male,Tetley,82.233.62.39,(666)800-4626,96161
27,hstaniercy@e-recht24.de,Hagan,Male,Scourgie,65.157.241.37,(187)118-5443,96716
37,mvan weedenburgli@1und1.de,Mychal,,Denison,28.243.72.29,(920)742-0040,97004
66,tloxtonb6@etsy.com,Theobald,Male,Hanington,29.61.213.192,(919)367-4155,97050
85,pdust7d@msn.com,Padriac,Male,Crook,191.60.161.59,(290)879-3393,97110
35,rpashleyhi@rakuten.co.jp,Rudolph,Male,Gatrill,201.184.255.223,(913)914-2917,97134
24,cmclicedk@scribd.com,Chad,Female,Readman,200.185.91.12,(706)222-8876,97137
62,adeavinfi@tripod.com,Araldo,Male,Wallas,209.191.63.172,(621)531-4875,97346
28,trhymes7x@chronoengine.com,Theodora,Female,Reyes,63.80.125.147,(754)748-2047,97441
51,dyeamanhz@last.fm,Dukie,Male,Bugden,46.75.137.149,(661)868-5599,97481
34,selgeedi@fda.gov,Smith,Male,Fenna,139.252.66.54,(871)952-6568,97492
42,lgartshoreak@linkedin.com,Lavinia,Female,Florence,103.22.16.47,(224)799-2466,97527
39,jgegaydv@nyu.edu,Jacklyn,Female,Sisson,16.251.91.255,(645)178-3982,97741
51,lneilandqq@independent.co.uk,Leann,Female,Cattlow,183.130.185.65,(894)186-1514,97824
30,wmoatlz@google.it,Wally,Female,Barde,86.81.145.219,(678)997-5536,97842
54,gbaldacchi2q@netlog.com,Gerome,Male,Ringer,67.82.223.3,(642)763-5879,97908
44,rtoderi86@geocities.com,Roslyn,Female,Bendley,39.47.253.182,(185)375-0188,98068
10,tmccoughan41@indiegogo.com,Teriann,Female,Charlot,157.65.138.110,(177)383-8180,98105
16,kalwind2@tamu.edu,Klemens,Male,Kiledal,69.234.140.25,(944)549-8444,98204
39,nerickssen8@hatena.ne.jp,Neille,Female,McCahey,236.12.33.177,(839)273-8544,98240
47,mgeering2i@linkedin.com,Marisa,Female,Worner,58.73.212.78,(553)296-0134,98391
39,gcrainj5@rakuten.co.jp,Glenna,Female,Couvert,245.192.127.200,(974)660-0452,98535
34,sfeltong0@soundcloud.com,Sadella,Female,Marsy,164.13.253.57,(746)900-3948,98548
46,jtunkinm4@archive.org,Jeane,Female,Piscotti,27.223.183.246,(959)754-5291,98596
20,mcritzenp3@reference.com,Mark,Male,Mallaby,167.49.173.177,(310)335-1341,98844
29,atrice35@ifeng.com,Aigneis,Female,Hanselmann,108.80.132.168,(670)954-3502,98922
48,bhaddinton7t@hibu.com,Berkie,Male,Sauniere,153.139.187.25,(668)791-6367,99212
40,rberesforenj@skyrock.com,Reilly,Male,Oliveras,50.123.231.233,(770)433-7193,99328
20,lthunderchiefew@yandex.ru,Lennard,Male,Ducroe,190.204.190.126,(865)302-7167,99352
70,wygouf4@engadget.com,Windham,Male,Cubbin,237.234.183.188,(864)791-6285,99585
39,dtraynorgs@paginegialle.it,Der,Male,Ettritch,40.2.146.154,(154)177-5531,99632
41,mjosefowicz64@google.de,Maxwell,Male,Jorio,113.57.4.98,(137)550-2985,99648
49,aablewhitehd@seattletimes.com,Anthiathia,Female,Baldwin,231.3.134.240,(223)291-5317,99654
33,rdavinetm3@mediafire.com,Ruddie,Male,Mulderrig,47.194.212.99,(263)262-6051,99749
16,fslatford40@ifeng.com,Felic,Male,Kingswell,51.17.58.226,(241)212-9527,99759
59,kpaffot4k@reverbnation.com,Keenan,Male,Meiklejohn,84.39.195.178,(123)517-5409,99762